chapter_id,chapter_name,section_id,section_name,req_id,req_description,level1,level2,level3,cwe,nist
V1,Kodowanie i sanityzacja,V1.1,Architektura kodowania i sanityzacji,V1.1.1,"Zweryfikuj, że dane wejściowe są dekodowane lub pozbawiane escapowania do postaci kanonicznej tylko raz, że dekodowanie następuje wyłącznie wtedy, gdy oczekiwane są dane zakodowane w tej formie, oraz że odbywa się to przed dalszym przetwarzaniem danych wejściowych — na przykład nie jest wykonywane po walidacji lub sanityzacji danych wejściowych.",,✓,✓,,
V1,Kodowanie i sanityzacja,V1.1,Architektura kodowania i sanityzacji,V1.1.2,"Zweryfikuj, że aplikacja wykonuje kodowanie i escapowanie danych wyjściowych jako ostatni krok przed ich użyciem przez interpreter, dla którego są przeznaczone, albo że wykonuje je sam interpreter.",,✓,✓,,
V1,Kodowanie i sanityzacja,V1.2,Zapobieganie wstrzyknięciom,V1.2.1,"Zweryfikuj, że kodowanie danych wyjściowych dla odpowiedzi HTTP, dokumentu HTML lub dokumentu XML jest właściwe dla wymaganego kontekstu — na przykład kodowanie odpowiednich znaków dla elementów HTML, atrybutów HTML, komentarzy HTML, CSS lub pól nagłówków HTTP — aby uniknąć zmiany struktury komunikatu lub dokumentu.",✓,✓,✓,,
V1,Kodowanie i sanityzacja,V1.2,Zapobieganie wstrzyknięciom,V1.2.2,"Zweryfikuj, że przy dynamicznym budowaniu adresów URL niezaufane dane są kodowane zgodnie z ich kontekstem (np. kodowanie URL lub base64url dla parametrów zapytania lub ścieżki). Upewnij się, że dozwolone są wyłącznie bezpieczne protokoły URL (np. zablokowane są javascript: lub data:).",✓,✓,✓,,
V1,Kodowanie i sanityzacja,V1.2,Zapobieganie wstrzyknięciom,V1.2.3,"Zweryfikuj, że przy dynamicznym budowaniu treści JavaScript (w tym JSON) stosowane jest kodowanie lub escapowanie danych wyjściowych, aby uniknąć zmiany struktury komunikatu lub dokumentu (aby zapobiec wstrzyknięciom JavaScript i JSON).",✓,✓,✓,,
V1,Kodowanie i sanityzacja,V1.2,Zapobieganie wstrzyknięciom,V1.2.4,"Zweryfikuj, że wybieranie danych i zapytania do baz danych (np. SQL, HQL, NoSQL, Cypher) używają zapytań parametryzowanych, ORM-ów, frameworków encji lub są w inny sposób chronione przed wstrzyknięciem SQL i innymi atakami wstrzyknięcia do baz danych. Dotyczy to również pisania procedur składowanych.",✓,✓,✓,,
V1,Kodowanie i sanityzacja,V1.2,Zapobieganie wstrzyknięciom,V1.2.5,"Zweryfikuj, że aplikacja chroni przed wstrzyknięciem poleceń systemu operacyjnego oraz że wywołania systemowe używają sparametryzowanych zapytań systemowych lub stosują kontekstowe kodowanie danych wyjściowych wiersza poleceń.",✓,✓,✓,,
V1,Kodowanie i sanityzacja,V1.2,Zapobieganie wstrzyknięciom,V1.2.6,"Zweryfikuj, że aplikacja chroni przed podatnościami wstrzyknięcia LDAP lub że wdrożono dedykowane mechanizmy bezpieczeństwa zapobiegające wstrzyknięciu LDAP.",,✓,✓,,
V1,Kodowanie i sanityzacja,V1.2,Zapobieganie wstrzyknięciom,V1.2.7,"Zweryfikuj, że aplikacja jest chroniona przed atakami wstrzyknięcia XPath poprzez parametryzację zapytań lub użycie zapytań prekompilowanych.",,✓,✓,,
V1,Kodowanie i sanityzacja,V1.2,Zapobieganie wstrzyknięciom,V1.2.8,"Zweryfikuj, że procesory LaTeX są skonfigurowane bezpiecznie (np. bez użycia flagi ""--shell-escape"") oraz że stosowana jest lista dozwolonych poleceń, aby zapobiec atakom wstrzyknięcia LaTeX.",,✓,✓,,
V1,Kodowanie i sanityzacja,V1.2,Zapobieganie wstrzyknięciom,V1.2.9,"Zweryfikuj, że aplikacja escapuje znaki specjalne w wyrażeniach regularnych (zazwyczaj za pomocą ukośnika wstecznego), aby zapobiec ich błędnej interpretacji jako metaznaków.",,✓,✓,,
V1,Kodowanie i sanityzacja,V1.2,Zapobieganie wstrzyknięciom,V1.2.10,"Zweryfikuj, że aplikacja jest chroniona przed wstrzyknięciem CSV i formuł. Aplikacja musi przestrzegać reguł escapowania zdefiniowanych w RFC 4180, sekcje 2.6 i 2.7, podczas eksportu treści CSV. Dodatkowo przy eksporcie do CSV lub innych formatów arkuszy kalkulacyjnych (takich jak XLS, XLSX czy ODF) znaki specjalne (w tym '=', '+', '-', '@', '\t' (tabulator) oraz '\0' (znak null)) muszą być escapowane pojedynczym cudzysłowem, jeśli występują jako pierwszy znak wartości pola.",,,✓,,
V1,Kodowanie i sanityzacja,V1.3,Sanityzacja,V1.3.1,"Zweryfikuj, że wszystkie niezaufane dane wejściowe HTML pochodzące z edytorów WYSIWYG lub podobnych są sanityzowane przy użyciu znanej i bezpiecznej biblioteki sanityzacji HTML lub funkcji frameworka.",✓,✓,✓,,
V1,Kodowanie i sanityzacja,V1.3,Sanityzacja,V1.3.2,"Zweryfikuj, że aplikacja unika użycia eval() oraz innych funkcji dynamicznego wykonywania kodu, takich jak Spring Expression Language (SpEL). Tam, gdzie nie ma alternatywy, wszelkie dołączane dane wejściowe użytkownika muszą zostać zsanityzowane przed wykonaniem.",✓,✓,✓,,
V1,Kodowanie i sanityzacja,V1.3,Sanityzacja,V1.3.3,"Zweryfikuj, że dane przekazywane do potencjalnie niebezpiecznego kontekstu są wcześniej sanityzowane w celu wymuszenia środków bezpieczeństwa — na przykład dopuszczania wyłącznie znaków bezpiecznych dla tego kontekstu oraz przycinania zbyt długich danych wejściowych.",,✓,✓,,
V1,Kodowanie i sanityzacja,V1.3,Sanityzacja,V1.3.4,"Zweryfikuj, że dostarczana przez użytkownika skryptowalna treść Scalable Vector Graphics (SVG) jest walidowana lub sanityzowana tak, aby zawierała wyłącznie znaczniki i atrybuty bezpieczne dla aplikacji (np. rysujące grafikę), a nie zawierała skryptów ani elementu foreignObject.",,✓,✓,,
V1,Kodowanie i sanityzacja,V1.3,Sanityzacja,V1.3.5,"Zweryfikuj, że aplikacja sanityzuje lub wyłącza dostarczaną przez użytkownika treść skryptowalną lub treść języków szablonów wyrażeń, taką jak Markdown, arkusze stylów CSS lub XSL, BBCode i podobne.",,✓,✓,,
V1,Kodowanie i sanityzacja,V1.3,Sanityzacja,V1.3.6,"Zweryfikuj, że aplikacja chroni przed atakami Server-side Request Forgery (SSRF), walidując niezaufane dane względem listy dozwolonych protokołów, domen, ścieżek i portów oraz sanityzując potencjalnie niebezpieczne znaki przed użyciem danych do wywołania innej usługi.",,✓,✓,,
V1,Kodowanie i sanityzacja,V1.3,Sanityzacja,V1.3.7,"Zweryfikuj, że aplikacja chroni przed atakami wstrzyknięcia szablonu, nie pozwalając na budowanie szablonów na podstawie niezaufanych danych wejściowych. Tam, gdzie nie ma alternatywy, wszelkie niezaufane dane wejściowe dołączane dynamicznie podczas tworzenia szablonu muszą zostać zsanityzowane lub ściśle zwalidowane.",,✓,✓,,
V1,Kodowanie i sanityzacja,V1.3,Sanityzacja,V1.3.8,"Zweryfikuj, że aplikacja odpowiednio sanityzuje niezaufane dane wejściowe przed użyciem w zapytaniach Java Naming and Directory Interface (JNDI) oraz że JNDI jest skonfigurowane bezpiecznie, aby zapobiec atakom wstrzyknięcia JNDI.",,✓,✓,,
V1,Kodowanie i sanityzacja,V1.3,Sanityzacja,V1.3.9,"Zweryfikuj, że aplikacja sanityzuje treść przed wysłaniem jej do memcache, aby zapobiec atakom wstrzyknięcia.",,✓,✓,,
V1,Kodowanie i sanityzacja,V1.3,Sanityzacja,V1.3.10,"Zweryfikuj, że ciągi formatujące, które mogą zostać rozwiązane w nieoczekiwany lub złośliwy sposób, są sanityzowane przed przetworzeniem.",,✓,✓,,
V1,Kodowanie i sanityzacja,V1.3,Sanityzacja,V1.3.11,"Zweryfikuj, że aplikacja sanityzuje dane wejściowe użytkownika przed przekazaniem ich do systemów pocztowych, aby chronić przed wstrzyknięciem SMTP lub IMAP.",,✓,✓,,
V1,Kodowanie i sanityzacja,V1.3,Sanityzacja,V1.3.12,"Zweryfikuj, że wyrażenia regularne są wolne od elementów powodujących wykładniczy backtracking, oraz upewnij się, że niezaufane dane wejściowe są sanityzowane w celu ograniczenia ataków ReDoS lub Runaway Regex.",,,✓,,
V1,Kodowanie i sanityzacja,V1.4,"Pamięć, ciągi znaków i kod niezarządzany",V1.4.1,"Zweryfikuj, że aplikacja używa bezpiecznych pamięciowo ciągów znaków, bezpieczniejszego kopiowania pamięci i arytmetyki wskaźników, aby wykrywać przepełnienia stosu, bufora lub sterty albo im zapobiegać.",,✓,✓,,
V1,Kodowanie i sanityzacja,V1.4,"Pamięć, ciągi znaków i kod niezarządzany",V1.4.2,"Zweryfikuj, że stosowane są techniki walidacji znaku, zakresu i danych wejściowych, aby zapobiegać przepełnieniom liczb całkowitych.",,✓,✓,,
V1,Kodowanie i sanityzacja,V1.4,"Pamięć, ciągi znaków i kod niezarządzany",V1.4.3,"Zweryfikuj, że dynamicznie alokowana pamięć i zasoby są zwalniane, a referencje lub wskaźniki do zwolnionej pamięci są usuwane lub ustawiane na null, aby zapobiec wiszącym wskaźnikom i podatnościom typu use-after-free.",,✓,✓,,
V1,Kodowanie i sanityzacja,V1.5,Bezpieczna deserializacja,V1.5.1,"Zweryfikuj, że aplikacja konfiguruje parsery XML z użyciem restrykcyjnej konfiguracji oraz że niebezpieczne funkcje, takie jak rozwiązywanie encji zewnętrznych, są wyłączone, aby zapobiec atakom XML eXternal Entity (XXE).",✓,✓,✓,,
V1,Kodowanie i sanityzacja,V1.5,Bezpieczna deserializacja,V1.5.2,"Zweryfikuj, że deserializacja niezaufanych danych wymusza bezpieczną obsługę danych wejściowych — na przykład poprzez listę dozwolonych typów obiektów lub ograniczenie typów obiektów definiowanych przez klienta — aby zapobiec atakom deserializacji. Mechanizmy deserializacji jawnie określone jako niebezpieczne nie mogą być używane z niezaufanymi danymi wejściowymi.",,✓,✓,,
V1,Kodowanie i sanityzacja,V1.5,Bezpieczna deserializacja,V1.5.3,"Zweryfikuj, że różne parsery używane w aplikacji dla tego samego typu danych (np. parsery JSON, parsery XML, parsery URL) parsują dane w spójny sposób i używają tego samego mechanizmu kodowania znaków, aby uniknąć problemów takich jak podatności JSON Interoperability lub wykorzystanie odmiennego parsowania URI bądź plików w atakach Remote File Inclusion (RFI) lub Server-side Request Forgery (SSRF).",,,✓,,
V2,Walidacja i logika biznesowa,V2.1,Dokumentacja walidacji i logiki biznesowej,V2.1.1,"Zweryfikuj, że dokumentacja aplikacji definiuje reguły walidacji danych wejściowych określające, jak sprawdzać poprawność danych względem oczekiwanej struktury. Mogą to być powszechne formaty danych, takie jak numery kart płatniczych, adresy e-mail, numery telefonów, lub wewnętrzny format danych.",✓,✓,✓,,
V2,Walidacja i logika biznesowa,V2.1,Dokumentacja walidacji i logiki biznesowej,V2.1.2,"Zweryfikuj, że dokumentacja aplikacji definiuje sposób walidacji logicznej i kontekstowej spójności powiązanych danych — na przykład sprawdzenie, czy dzielnica i kod pocztowy do siebie pasują.",,✓,✓,,
V2,Walidacja i logika biznesowa,V2.1,Dokumentacja walidacji i logiki biznesowej,V2.1.3,"Zweryfikuj, że oczekiwania dotyczące limitów i walidacji logiki biznesowej są udokumentowane, zarówno dla poszczególnych użytkowników, jak i globalnie dla całej aplikacji.",,✓,✓,,
V2,Walidacja i logika biznesowa,V2.2,Walidacja danych wejściowych,V2.2.1,"Zweryfikuj, że dane wejściowe są walidowane w celu wymuszenia oczekiwań biznesowych lub funkcjonalnych wobec tych danych. Walidacja powinna opierać się na podejściu pozytywnym — z użyciem listy dozwolonych wartości, wzorców i zakresów — albo na porównaniu danych wejściowych z oczekiwaną strukturą i limitami logicznymi według wcześniej zdefiniowanych reguł. Dla L1 można skupić się na danych wejściowych używanych do podejmowania konkretnych decyzji biznesowych lub dotyczących bezpieczeństwa. Dla L2 i wyżej powinno to obejmować wszystkie dane wejściowe.",✓,✓,✓,,
V2,Walidacja i logika biznesowa,V2.2,Walidacja danych wejściowych,V2.2.2,"Zweryfikuj, że aplikacja została zaprojektowana tak, aby wymuszać walidację danych wejściowych na poziomie zaufanej warstwy usługowej. Walidacja po stronie klienta poprawia użyteczność i należy do niej zachęcać, ale nie wolno na niej polegać jako na mechanizmie bezpieczeństwa.",✓,✓,✓,,
V2,Walidacja i logika biznesowa,V2.2,Walidacja danych wejściowych,V2.2.3,"Zweryfikuj, że aplikacja zapewnia, iż kombinacje powiązanych danych są sensowne według wcześniej zdefiniowanych reguł.",,✓,✓,,
V2,Walidacja i logika biznesowa,V2.3,Bezpieczeństwo logiki biznesowej,V2.3.1,"Zweryfikuj, że aplikacja przetwarza przepływy logiki biznesowej dla tego samego użytkownika wyłącznie w oczekiwanej, sekwencyjnej kolejności kroków, bez ich pomijania.",✓,✓,✓,,
V2,Walidacja i logika biznesowa,V2.3,Bezpieczeństwo logiki biznesowej,V2.3.2,"Zweryfikuj, że limity logiki biznesowej są zaimplementowane zgodnie z dokumentacją aplikacji, aby zapobiec wykorzystaniu błędów logiki biznesowej.",,✓,✓,,
V2,Walidacja i logika biznesowa,V2.3,Bezpieczeństwo logiki biznesowej,V2.3.3,"Zweryfikuj, że na poziomie logiki biznesowej stosowane są transakcje — tak aby operacja logiki biznesowej albo powiodła się w całości, albo została wycofana do poprzedniego poprawnego stanu.",,✓,✓,,
V2,Walidacja i logika biznesowa,V2.3,Bezpieczeństwo logiki biznesowej,V2.3.4,"Zweryfikuj, że na poziomie logiki biznesowej stosowane są mechanizmy blokad zapewniające, że zasoby o ograniczonej liczbie (takie jak miejsca w teatrze czy okna dostawy) nie mogą zostać zarezerwowane podwójnie poprzez manipulację logiką aplikacji.",,✓,✓,,
V2,Walidacja i logika biznesowa,V2.3,Bezpieczeństwo logiki biznesowej,V2.3.5,"Zweryfikuj, że przepływy logiki biznesowej o wysokiej wartości wymagają zatwierdzenia przez wielu użytkowników, aby zapobiec nieautoryzowanym lub przypadkowym działaniom. Może to obejmować między innymi duże przelewy pieniężne, zatwierdzanie umów, dostęp do informacji niejawnych lub nadpisywanie zabezpieczeń w procesach produkcyjnych.",,,✓,,
V2,Walidacja i logika biznesowa,V2.4,Ochrona przed automatyzacją,V2.4.1,"Zweryfikuj, że wdrożono mechanizmy ochrony przed automatyzacją, chroniące przed nadmiernymi wywołaniami funkcji aplikacji, które mogłyby prowadzić do eksfiltracji danych, tworzenia danych-śmieci, wyczerpania przydziałów, przekroczenia limitów częstotliwości, odmowy usługi lub nadużywania kosztownych zasobów.",,✓,✓,,
V2,Walidacja i logika biznesowa,V2.4,Ochrona przed automatyzacją,V2.4.2,"Zweryfikuj, że przepływy logiki biznesowej wymagają realistycznego, ludzkiego tempa działania, uniemożliwiając nadmiernie szybkie przesyłanie transakcji.",,,✓,,
V3,Bezpieczeństwo frontendu webowego,V3.1,Dokumentacja bezpieczeństwa frontendu webowego,V3.1.1,"Zweryfikuj, że dokumentacja aplikacji określa oczekiwane funkcje bezpieczeństwa, które muszą wspierać przeglądarki korzystające z aplikacji (takie jak HTTPS, HTTP Strict Transport Security (HSTS), Content Security Policy (CSP) oraz inne istotne mechanizmy bezpieczeństwa HTTP). Dokumentacja musi również definiować, jak aplikacja ma się zachować, gdy część tych funkcji jest niedostępna (na przykład ostrzec użytkownika lub zablokować dostęp).",,,✓,,
V3,Bezpieczeństwo frontendu webowego,V3.2,Niezamierzona interpretacja treści,V3.2.1,"Zweryfikuj, że wdrożono mechanizmy bezpieczeństwa zapobiegające renderowaniu przez przeglądarki treści lub funkcjonalności z odpowiedzi HTTP w niewłaściwym kontekście (np. gdy API, plik przesłany przez użytkownika lub inny zasób jest żądany bezpośrednio). Możliwe mechanizmy obejmują: nieserwowanie treści, jeśli pola nagłówka żądania HTTP (takie jak Sec-Fetch-\*) nie wskazują właściwego kontekstu, użycie dyrektywy sandbox pola nagłówka Content-Security-Policy lub użycie typu dyspozycji attachment w polu nagłówka Content-Disposition.",✓,✓,✓,,
V3,Bezpieczeństwo frontendu webowego,V3.2,Niezamierzona interpretacja treści,V3.2.2,"Zweryfikuj, że treść przeznaczona do wyświetlenia jako tekst — a nie do wyrenderowania jako HTML — jest obsługiwana za pomocą bezpiecznych funkcji renderowania (takich jak createTextNode lub textContent), aby zapobiec niezamierzonemu wykonaniu treści takiej jak HTML lub JavaScript.",✓,✓,✓,,
V3,Bezpieczeństwo frontendu webowego,V3.2,Niezamierzona interpretacja treści,V3.2.3,"Zweryfikuj, że aplikacja unika DOM clobbering przy korzystaniu z JavaScript po stronie klienta poprzez jawne deklaracje zmiennych, ścisłą kontrolę typów, unikanie przechowywania zmiennych globalnych w obiekcie document oraz izolację przestrzeni nazw.",,,✓,,
V3,Bezpieczeństwo frontendu webowego,V3.3,Konfiguracja ciasteczek,V3.3.1,"Zweryfikuj, że ciasteczka mają ustawiony atrybut 'Secure', a jeśli nazwa ciasteczka nie używa przedrostka '\_\_Host-', musi używać przedrostka '\_\_Secure-'.",✓,✓,✓,,
V3,Bezpieczeństwo frontendu webowego,V3.3,Konfiguracja ciasteczek,V3.3.2,"Zweryfikuj, że wartość atrybutu 'SameSite' każdego ciasteczka jest ustawiona stosownie do przeznaczenia ciasteczka, aby ograniczyć narażenie na ataki podmiany interfejsu użytkownika oraz przeglądarkowe ataki fałszowania żądań, powszechnie znane jako cross-site request forgery (CSRF).",,✓,✓,,
V3,Bezpieczeństwo frontendu webowego,V3.3,Konfiguracja ciasteczek,V3.3.3,"Zweryfikuj, że nazwy ciasteczek mają przedrostek '\_\_Host-', chyba że ciasteczka są jawnie zaprojektowane do współdzielenia z innymi hostami.",,✓,✓,,
V3,Bezpieczeństwo frontendu webowego,V3.3,Konfiguracja ciasteczek,V3.3.4,"Zweryfikuj, że jeśli wartość ciasteczka nie ma być dostępna dla skryptów po stronie klienta (jak token sesji), ciasteczko musi mieć ustawiony atrybut 'HttpOnly', a ta sama wartość (np. token sesji) musi być przekazywana klientowi wyłącznie poprzez pole nagłówka 'Set-Cookie'.",,✓,✓,,
V3,Bezpieczeństwo frontendu webowego,V3.3,Konfiguracja ciasteczek,V3.3.5,"Zweryfikuj, że gdy aplikacja zapisuje ciasteczko, łączna długość nazwy i wartości ciasteczka nie przekracza 4096 bajtów. Zbyt duże ciasteczka nie zostaną zapisane przez przeglądarkę, a więc nie będą wysyłane z żądaniami, co uniemożliwi użytkownikowi korzystanie z funkcjonalności aplikacji zależnej od tego ciasteczka.",,,✓,,
V3,Bezpieczeństwo frontendu webowego,V3.4,Nagłówki mechanizmów bezpieczeństwa przeglądarki,V3.4.1,"Zweryfikuj, że pole nagłówka Strict-Transport-Security jest dołączane do wszystkich odpowiedzi w celu wymuszenia polityki HTTP Strict Transport Security (HSTS). Maksymalny wiek (max-age) musi wynosić co najmniej 1 rok, a dla L2 i wyżej polityka musi obejmować również wszystkie subdomeny.",✓,✓,✓,,
V3,Bezpieczeństwo frontendu webowego,V3.4,Nagłówki mechanizmów bezpieczeństwa przeglądarki,V3.4.2,"Zweryfikuj, że pole nagłówka Cross-Origin Resource Sharing (CORS) Access-Control-Allow-Origin ma wartość stałą, ustaloną przez aplikację — a jeśli używana jest wartość pola nagłówka żądania HTTP Origin, jest ona walidowana względem listy dozwolonych zaufanych źródeł (origins). Gdy konieczne jest użycie 'Access-Control-Allow-Origin: *', zweryfikuj, że odpowiedź nie zawiera żadnych informacji wrażliwych.",✓,✓,✓,,
V3,Bezpieczeństwo frontendu webowego,V3.4,Nagłówki mechanizmów bezpieczeństwa przeglądarki,V3.4.3,"Zweryfikuj, że odpowiedzi HTTP zawierają pole nagłówka odpowiedzi Content-Security-Policy definiujące dyrektywy zapewniające, że przeglądarka ładuje i wykonuje wyłącznie zaufaną treść lub zasoby, aby ograniczyć wykonanie złośliwego JavaScriptu. Jako minimum musi być stosowana polityka globalna zawierająca dyrektywy object-src 'none' i base-uri 'none' oraz definiująca listę dozwolonych albo używająca wartości nonce lub skrótów (hash). Dla aplikacji L3 musi być zdefiniowana polityka dla poszczególnych odpowiedzi z wartościami nonce lub skrótami.",,✓,✓,,
V3,Bezpieczeństwo frontendu webowego,V3.4,Nagłówki mechanizmów bezpieczeństwa przeglądarki,V3.4.4,"Zweryfikuj, że wszystkie odpowiedzi HTTP zawierają pole nagłówka 'X-Content-Type-Options: nosniff'. Nakazuje ono przeglądarkom rezygnację ze sniffingu treści i zgadywania typu MIME dla danej odpowiedzi oraz wymaganie, aby wartość pola nagłówka Content-Type odpowiedzi odpowiadała docelowemu zasobowi. Na przykład odpowiedź na żądanie stylu jest akceptowana tylko wtedy, gdy Content-Type odpowiedzi to 'text/css'. Włącza to również funkcjonalność Cross-Origin Read Blocking (CORB) w przeglądarce.",,✓,✓,,
V3,Bezpieczeństwo frontendu webowego,V3.4,Nagłówki mechanizmów bezpieczeństwa przeglądarki,V3.4.5,"Zweryfikuj, że aplikacja ustawia politykę referrer, aby zapobiec wyciekowi technicznie wrażliwych danych do usług stron trzecich poprzez pole nagłówka żądania HTTP 'Referer'. Można to zrobić za pomocą pola nagłówka odpowiedzi HTTP Referrer-Policy lub poprzez atrybuty elementów HTML. Dane wrażliwe mogą obejmować ścieżkę i parametry zapytania w URL, a dla wewnętrznych, niepublicznych aplikacji — również nazwę hosta.",,✓,✓,,
V3,Bezpieczeństwo frontendu webowego,V3.4,Nagłówki mechanizmów bezpieczeństwa przeglądarki,V3.4.6,"Zweryfikuj, że aplikacja internetowa używa dyrektywy frame-ancestors pola nagłówka Content-Security-Policy w każdej odpowiedzi HTTP, aby zapewnić, że domyślnie nie może być osadzana, a osadzanie konkretnych zasobów jest dozwolone tylko wtedy, gdy to konieczne. Zwróć uwagę, że pole nagłówka X-Frame-Options, choć wspierane przez przeglądarki, jest przestarzałe i nie należy na nim polegać.",,✓,✓,,
V3,Bezpieczeństwo frontendu webowego,V3.4,Nagłówki mechanizmów bezpieczeństwa przeglądarki,V3.4.7,"Zweryfikuj, że pole nagłówka Content-Security-Policy wskazuje lokalizację raportowania naruszeń.",,,✓,,
V3,Bezpieczeństwo frontendu webowego,V3.4,Nagłówki mechanizmów bezpieczeństwa przeglądarki,V3.4.8,"Zweryfikuj, że wszystkie odpowiedzi HTTP inicjujące renderowanie dokumentu (takie jak odpowiedzi z Content-Type text/html) zawierają pole nagłówka Cross‑Origin‑Opener‑Policy z dyrektywą same-origin lub — w razie potrzeby — same-origin-allow-popups. Zapobiega to atakom nadużywającym współdzielonego dostępu do obiektów Window, takim jak tabnabbing czy zliczanie ramek (frame counting).",,,✓,,
V3,Bezpieczeństwo frontendu webowego,V3.5,Separacja źródeł w przeglądarce,V3.5.1,"Zweryfikuj, że jeśli aplikacja nie opiera się na mechanizmie preflight CORS w celu zapobiegania niedozwolonym żądaniom cross-origin do wrażliwej funkcjonalności, żądania te są walidowane w celu potwierdzenia, że pochodzą z samej aplikacji. Można to zrobić poprzez stosowanie i walidację tokenów anti-forgery lub wymaganie dodatkowych pól nagłówka HTTP, które nie znajdują się na liście CORS-safelisted request-header fields. Ma to chronić przed przeglądarkowymi atakami fałszowania żądań, powszechnie znanymi jako cross-site request forgery (CSRF).",✓,✓,✓,,
V3,Bezpieczeństwo frontendu webowego,V3.5,Separacja źródeł w przeglądarce,V3.5.2,"Zweryfikuj, że jeśli aplikacja opiera się na mechanizmie preflight CORS w celu zapobiegania niedozwolonemu użyciu wrażliwej funkcjonalności cross-origin, nie jest możliwe wywołanie tej funkcjonalności żądaniem, które nie wyzwala żądania preflight CORS. Może to wymagać sprawdzania wartości pól nagłówka żądania 'Origin' i 'Content-Type' lub użycia dodatkowego pola nagłówka spoza listy CORS-safelisted header-fields.",✓,✓,✓,,
V3,Bezpieczeństwo frontendu webowego,V3.5,Separacja źródeł w przeglądarce,V3.5.3,"Zweryfikuj, że żądania HTTP do wrażliwej funkcjonalności używają odpowiednich metod HTTP, takich jak POST, PUT, PATCH lub DELETE, a nie metod zdefiniowanych w specyfikacji HTTP jako „bezpieczne”, takich jak HEAD, OPTIONS czy GET. Alternatywnie można zastosować ścisłą walidację pól nagłówka żądania Sec-Fetch-*, aby upewnić się, że żądanie nie pochodzi z niewłaściwego wywołania cross-origin, żądania nawigacji ani ładowania zasobu (np. źródła obrazu) tam, gdzie nie jest to oczekiwane.",✓,✓,✓,,
V3,Bezpieczeństwo frontendu webowego,V3.5,Separacja źródeł w przeglądarce,V3.5.4,"Zweryfikuj, że odrębne aplikacje są hostowane na różnych nazwach hostów, aby wykorzystać ograniczenia zapewniane przez politykę same-origin — w tym zasady interakcji dokumentów lub skryptów załadowanych przez jedno źródło z zasobami innego źródła oraz oparte na nazwie hosta ograniczenia dotyczące ciasteczek.",,✓,✓,,
V3,Bezpieczeństwo frontendu webowego,V3.5,Separacja źródeł w przeglądarce,V3.5.5,"Zweryfikuj, że wiadomości odbierane przez interfejs postMessage są odrzucane, jeśli źródło wiadomości nie jest zaufane lub jej składnia jest nieprawidłowa.",,✓,✓,,
V3,Bezpieczeństwo frontendu webowego,V3.5,Separacja źródeł w przeglądarce,V3.5.6,"Zweryfikuj, że funkcjonalność JSONP nie jest włączona nigdzie w aplikacji, aby uniknąć ataków Cross-Site Script Inclusion (XSSI).",,,✓,,
V3,Bezpieczeństwo frontendu webowego,V3.5,Separacja źródeł w przeglądarce,V3.5.7,"Zweryfikuj, że dane wymagające autoryzacji nie są umieszczane w odpowiedziach zasobów skryptowych, takich jak pliki JavaScript, aby zapobiec atakom Cross-Site Script Inclusion (XSSI).",,,✓,,
V3,Bezpieczeństwo frontendu webowego,V3.5,Separacja źródeł w przeglądarce,V3.5.8,"Zweryfikuj, że uwierzytelnione zasoby (takie jak obrazy, wideo, skrypty i inne dokumenty) mogą być ładowane lub osadzane w imieniu użytkownika tylko wtedy, gdy jest to zamierzone. Można to osiągnąć poprzez ścisłą walidację pól nagłówka żądania HTTP Sec-Fetch-*, aby upewnić się, że żądanie nie pochodzi z niewłaściwego wywołania cross-origin, lub poprzez ustawienie restrykcyjnego pola nagłówka odpowiedzi HTTP Cross-Origin-Resource-Policy, nakazującego przeglądarce zablokowanie zwróconej treści.",,,✓,,
V3,Bezpieczeństwo frontendu webowego,V3.6,Integralność zasobów zewnętrznych,V3.6.1,"Zweryfikuj, że zasoby po stronie klienta — takie jak biblioteki JavaScript, CSS czy fonty webowe — są hostowane zewnętrznie (np. w Content Delivery Network) tylko wtedy, gdy zasób jest statyczny i wersjonowany, a do walidacji jego integralności używana jest Subresource Integrity (SRI). Jeśli nie jest to możliwe, dla każdego zasobu powinna istnieć udokumentowana decyzja bezpieczeństwa to uzasadniająca.",,,✓,,
V3,Bezpieczeństwo frontendu webowego,V3.7,Pozostałe kwestie bezpieczeństwa przeglądarki,V3.7.1,"Zweryfikuj, że aplikacja korzysta wyłącznie z technologii po stronie klienta, które są nadal wspierane i uznawane za bezpieczne. Przykłady technologii niespełniających tego wymagania to wtyczki NSAPI, Flash, Shockwave, ActiveX, Silverlight, NACL oraz aplety Javy po stronie klienta.",,✓,✓,,
V3,Bezpieczeństwo frontendu webowego,V3.7,Pozostałe kwestie bezpieczeństwa przeglądarki,V3.7.2,"Zweryfikuj, że aplikacja automatycznie przekierowuje użytkownika na inną nazwę hosta lub domenę (niekontrolowaną przez aplikację) tylko wtedy, gdy cel przekierowania znajduje się na liście dozwolonych.",,✓,✓,,
V3,Bezpieczeństwo frontendu webowego,V3.7,Pozostałe kwestie bezpieczeństwa przeglądarki,V3.7.3,"Zweryfikuj, że aplikacja wyświetla powiadomienie, gdy użytkownik jest przekierowywany na adres URL poza kontrolą aplikacji, z możliwością anulowania nawigacji.",,,✓,,
V3,Bezpieczeństwo frontendu webowego,V3.7,Pozostałe kwestie bezpieczeństwa przeglądarki,V3.7.4,"Zweryfikuj, że domena najwyższego poziomu aplikacji (np. site.tld) została dodana do publicznej listy preload dla HTTP Strict Transport Security (HSTS). Zapewnia to, że użycie TLS dla aplikacji jest wbudowane bezpośrednio w główne przeglądarki, a nie zależy wyłącznie od pola nagłówka odpowiedzi Strict-Transport-Security.",,,✓,,
V3,Bezpieczeństwo frontendu webowego,V3.7,Pozostałe kwestie bezpieczeństwa przeglądarki,V3.7.5,"Zweryfikuj, że aplikacja zachowuje się zgodnie z dokumentacją (np. ostrzega użytkownika lub blokuje dostęp), jeśli przeglądarka użyta do korzystania z aplikacji nie wspiera oczekiwanych funkcji bezpieczeństwa.",,,✓,,
V4,API i usługi sieciowe,V4.1,Ogólne bezpieczeństwo usług sieciowych,V4.1.1,"Zweryfikuj, że każda odpowiedź HTTP z treścią komunikatu zawiera pole nagłówka Content-Type odpowiadające rzeczywistej zawartości odpowiedzi, wraz z parametrem charset określającym bezpieczne kodowanie znaków (np. UTF-8, ISO-8859-1) zgodnie z IANA Media Types, np. dla ""text/"", ""/+xml"" i ""/xml"".",✓,✓,✓,,
V4,API i usługi sieciowe,V4.1,Ogólne bezpieczeństwo usług sieciowych,V4.1.2,"Zweryfikuj, że wyłącznie endpointy skierowane do użytkownika (przeznaczone do ręcznego dostępu przez przeglądarkę) automatycznie przekierowują z HTTP na HTTPS, natomiast pozostałe usługi i endpointy nie stosują przezroczystych przekierowań. Ma to zapobiec sytuacji, w której klient błędnie wysyła nieszyfrowane żądania HTTP, lecz — ponieważ żądania są automatycznie przekierowywane na HTTPS — wyciek danych wrażliwych pozostaje niewykryty.",,✓,✓,,
V4,API i usługi sieciowe,V4.1,Ogólne bezpieczeństwo usług sieciowych,V4.1.3,"Zweryfikuj, że żadne pole nagłówka HTTP używane przez aplikację i ustawiane przez warstwę pośredniczącą — taką jak moduł równoważenia obciążenia, proxy webowe lub usługa backend-for-frontend — nie może zostać nadpisane przez użytkownika końcowego. Przykładowe nagłówki to X-Real-IP, X-Forwarded-* lub X-User-ID.",,✓,✓,,
V4,API i usługi sieciowe,V4.1,Ogólne bezpieczeństwo usług sieciowych,V4.1.4,"Zweryfikuj, że mogą być używane wyłącznie metody HTTP jawnie wspierane przez aplikację lub jej API (w tym OPTIONS podczas żądań preflight), a metody nieużywane są blokowane.",,,✓,,
V4,API i usługi sieciowe,V4.1,Ogólne bezpieczeństwo usług sieciowych,V4.1.5,"Zweryfikuj, że dla żądań lub transakcji wysoce wrażliwych albo przechodzących przez wiele systemów stosowane są podpisy cyfrowe dla poszczególnych komunikatów, zapewniające dodatkową pewność ponad zabezpieczenia warstwy transportowej.",,,✓,,
V4,API i usługi sieciowe,V4.2,Walidacja struktury komunikatów HTTP,V4.2.1,"Zweryfikuj, że wszystkie komponenty aplikacji (w tym moduły równoważenia obciążenia, zapory i serwery aplikacyjne) wyznaczają granice przychodzących komunikatów HTTP przy użyciu mechanizmu właściwego dla danej wersji HTTP, aby zapobiec atakom HTTP request smuggling. W HTTP/1.x, jeśli obecne jest pole nagłówka Transfer-Encoding, nagłówek Content-Length musi zostać zignorowany zgodnie z RFC 2616. W HTTP/2 i HTTP/3, jeśli obecne jest pole nagłówka Content-Length, odbiorca musi upewnić się, że jest ono spójne z długością ramek DATA.",,✓,✓,,
V4,API i usługi sieciowe,V4.2,Walidacja struktury komunikatów HTTP,V4.2.2,"Zweryfikuj, że przy generowaniu komunikatów HTTP pole nagłówka Content-Length nie stoi w sprzeczności z długością treści wynikającą z ramkowania protokołu HTTP, aby zapobiec atakom request smuggling.",,,✓,,
V4,API i usługi sieciowe,V4.2,Walidacja struktury komunikatów HTTP,V4.2.3,"Zweryfikuj, że aplikacja nie wysyła ani nie akceptuje komunikatów HTTP/2 lub HTTP/3 z polami nagłówka specyficznymi dla połączenia, takimi jak Transfer-Encoding, aby zapobiec atakom response splitting i wstrzyknięcia nagłówków.",,,✓,,
V4,API i usługi sieciowe,V4.2,Walidacja struktury komunikatów HTTP,V4.2.4,"Zweryfikuj, że aplikacja akceptuje wyłącznie żądania HTTP/2 i HTTP/3, w których pola nagłówków i ich wartości nie zawierają sekwencji CR (\r), LF (\n) ani CRLF (\r\n), aby zapobiec atakom wstrzyknięcia nagłówków.",,,✓,,
V4,API i usługi sieciowe,V4.2,Walidacja struktury komunikatów HTTP,V4.2.5,"Zweryfikuj, że jeśli aplikacja (backend lub frontend) buduje i wysyła żądania, stosuje walidację, sanityzację lub inne mechanizmy zapobiegające tworzeniu URI (np. dla wywołań API) lub pól nagłówka żądania HTTP (np. Authorization lub Cookie), które są zbyt długie, aby zostały zaakceptowane przez komponent odbierający. Mogłoby to spowodować odmowę usługi — na przykład wysłanie nadmiernie długiego żądania (np. długiego pola nagłówka cookie) skutkujące tym, że serwer zawsze odpowiada statusem błędu.",,,✓,,
V4,API i usługi sieciowe,V4.3,GraphQL,V4.3.1,"Zweryfikuj, że stosowana jest lista dozwolonych zapytań, ograniczanie głębokości, ograniczanie liczby lub analiza kosztu zapytań, aby zapobiec odmowie usługi (DoS) na poziomie GraphQL lub wyrażeń warstwy danych w wyniku kosztownych, zagnieżdżonych zapytań.",,✓,✓,,
V4,API i usługi sieciowe,V4.3,GraphQL,V4.3.2,"Zweryfikuj, że zapytania introspekcyjne GraphQL są wyłączone w środowisku produkcyjnym, chyba że API GraphQL jest przeznaczone do użytku przez strony trzecie.",,✓,✓,,
V4,API i usługi sieciowe,V4.4,WebSocket,V4.4.1,"Zweryfikuj, że dla wszystkich połączeń WebSocket używany jest WebSocket over TLS (WSS).",✓,✓,✓,,
V4,API i usługi sieciowe,V4.4,WebSocket,V4.4.2,"Zweryfikuj, że podczas początkowego uzgadniania HTTP WebSocket pole nagłówka Origin jest sprawdzane względem listy źródeł dozwolonych dla aplikacji.",,✓,✓,,
V4,API i usługi sieciowe,V4.4,WebSocket,V4.4.3,"Zweryfikuj, że jeśli nie można użyć standardowego zarządzania sesją aplikacji, stosowane są w tym celu dedykowane tokeny zgodne z odpowiednimi wymaganiami bezpieczeństwa zarządzania sesją.",,✓,✓,,
V4,API i usługi sieciowe,V4.4,WebSocket,V4.4.4,"Zweryfikuj, że dedykowane tokeny zarządzania sesją WebSocket są początkowo uzyskiwane lub walidowane poprzez wcześniej uwierzytelnioną sesję HTTPS podczas przechodzenia z istniejącej sesji HTTPS na kanał WebSocket.",,✓,✓,,
V5,Obsługa plików,V5.1,Dokumentacja obsługi plików,V5.1.1,"Zweryfikuj, że dokumentacja definiuje dozwolone typy plików, oczekiwane rozszerzenia plików oraz maksymalny rozmiar (w tym rozmiar po rozpakowaniu) dla każdej funkcji przesyłania plików. Dodatkowo upewnij się, że dokumentacja określa, w jaki sposób pliki są czynione bezpiecznymi do pobierania i przetwarzania przez użytkowników końcowych — na przykład jak aplikacja zachowuje się po wykryciu złośliwego pliku.",,✓,✓,,
V5,Obsługa plików,V5.2,Przesyłanie plików i ich zawartość,V5.2.1,"Zweryfikuj, że aplikacja przyjmuje wyłącznie pliki o rozmiarze, który jest w stanie przetworzyć bez utraty wydajności lub ataku odmowy usługi.",✓,✓,✓,,
V5,Obsługa plików,V5.2,Przesyłanie plików i ich zawartość,V5.2.2,"Zweryfikuj, że gdy aplikacja przyjmuje plik — samodzielnie lub w archiwum takim jak plik zip — sprawdza, czy rozszerzenie pliku odpowiada oczekiwanemu rozszerzeniu, oraz waliduje, czy zawartość odpowiada typowi reprezentowanemu przez rozszerzenie. Obejmuje to między innymi sprawdzanie początkowych „magicznych bajtów”, ponowne przetwarzanie obrazów (image re-writing) oraz użycie wyspecjalizowanych bibliotek do walidacji zawartości plików. Dla L1 można skupić się wyłącznie na plikach używanych do podejmowania konkretnych decyzji biznesowych lub dotyczących bezpieczeństwa. Dla L2 i wyżej musi to dotyczyć wszystkich przyjmowanych plików.",✓,✓,✓,,
V5,Obsługa plików,V5.2,Przesyłanie plików i ich zawartość,V5.2.3,"Zweryfikuj, że aplikacja sprawdza pliki skompresowane (np. zip, gz, docx, odt) względem maksymalnego dozwolonego rozmiaru po dekompresji oraz maksymalnej liczby plików przed rozpakowaniem pliku.",,✓,✓,,
V5,Obsługa plików,V5.2,Przesyłanie plików i ich zawartość,V5.2.4,"Zweryfikuj, że egzekwowany jest przydział rozmiaru plików oraz maksymalna liczba plików na użytkownika, aby pojedynczy użytkownik nie mógł zapełnić przestrzeni dyskowej zbyt wieloma plikami lub plikami nadmiernie dużymi.",,,✓,,
V5,Obsługa plików,V5.2,Przesyłanie plików i ich zawartość,V5.2.5,"Zweryfikuj, że aplikacja nie pozwala na przesyłanie plików skompresowanych zawierających dowiązania symboliczne, chyba że jest to wyraźnie wymagane (w takim przypadku konieczne będzie wymuszenie listy dozwolonych plików, do których dowiązania mogą prowadzić).",,,✓,,
V5,Obsługa plików,V5.2,Przesyłanie plików i ich zawartość,V5.2.6,"Zweryfikuj, że aplikacja odrzuca przesyłane obrazy o rozmiarze w pikselach większym niż maksymalny dozwolony, aby zapobiec atakom pixel flood.",,,✓,,
V5,Obsługa plików,V5.3,Przechowywanie plików,V5.3.1,"Zweryfikuj, że pliki przesłane lub wygenerowane na podstawie niezaufanych danych wejściowych i przechowywane w folderze publicznym nie są wykonywane jako kod programu po stronie serwera przy bezpośrednim dostępie żądaniem HTTP.",✓,✓,✓,,
V5,Obsługa plików,V5.3,Przechowywanie plików,V5.3.2,"Zweryfikuj, że gdy aplikacja tworzy ścieżki plików dla operacji na plikach, używa danych generowanych wewnętrznie lub zaufanych zamiast nazw plików przesłanych przez użytkownika — a jeśli nazwy plików lub metadane plików od użytkownika muszą zostać użyte, stosowana jest ścisła walidacja i sanityzacja. Ma to chronić przed atakami path traversal, local i remote file inclusion (LFI, RFI) oraz server-side request forgery (SSRF).",✓,✓,✓,,
V5,Obsługa plików,V5.3,Przechowywanie plików,V5.3.3,"Zweryfikuj, że przetwarzanie plików po stronie serwera, takie jak dekompresja, ignoruje informacje o ścieżce dostarczone przez użytkownika, aby zapobiec podatnościom takim jak zip slip.",,,✓,,
V5,Obsługa plików,V5.4,Pobieranie plików,V5.4.1,"Zweryfikuj, że aplikacja waliduje lub ignoruje nazwy plików przesłane przez użytkownika — w tym w parametrze JSON, JSONP lub URL — oraz określa nazwę pliku w polu nagłówka Content-Disposition w odpowiedzi.",,✓,✓,,
V5,Obsługa plików,V5.4,Pobieranie plików,V5.4.2,"Zweryfikuj, że serwowane nazwy plików (np. w polach nagłówków odpowiedzi HTTP lub załącznikach e-mail) są kodowane lub sanityzowane (np. zgodnie z RFC 6266) w celu zachowania struktury dokumentu i zapobieżenia atakom wstrzyknięcia.",,✓,✓,,
V5,Obsługa plików,V5.4,Pobieranie plików,V5.4.3,"Zweryfikuj, że pliki pozyskane z niezaufanych źródeł są skanowane przez skanery antywirusowe, aby zapobiec serwowaniu znanej złośliwej zawartości.",,✓,✓,,
V6,Uwierzytelnianie,V6.1,Dokumentacja uwierzytelniania,V6.1.1,"Zweryfikuj, że dokumentacja aplikacji definiuje, w jaki sposób mechanizmy takie jak ograniczanie częstotliwości żądań, ochrona przed automatyzacją i odpowiedź adaptacyjna są wykorzystywane do obrony przed atakami takimi jak credential stuffing i łamanie haseł metodą siłową. Dokumentacja musi jasno określać, jak mechanizmy te są skonfigurowane i jak zapobiegają złośliwemu blokowaniu kont.",✓,✓,✓,,
V6,Uwierzytelnianie,V6.1,Dokumentacja uwierzytelniania,V6.1.2,"Zweryfikuj, że udokumentowana jest lista słów specyficznych dla kontekstu, których użycie w hasłach ma być blokowane. Lista może obejmować permutacje nazw organizacji, nazw produktów, identyfikatorów systemów, kryptonimów projektów, nazw działów lub ról i podobne.",,✓,✓,,
V6,Uwierzytelnianie,V6.1,Dokumentacja uwierzytelniania,V6.1.3,"Zweryfikuj, że jeśli aplikacja udostępnia wiele ścieżek uwierzytelniania, wszystkie są udokumentowane wraz z mechanizmami bezpieczeństwa i siłą uwierzytelniania, które muszą być spójnie egzekwowane we wszystkich tych ścieżkach.",,✓,✓,,
V6,Uwierzytelnianie,V6.2,Bezpieczeństwo haseł,V6.2.1,"Zweryfikuj, że hasła ustawiane przez użytkowników mają co najmniej 8 znaków długości, przy czym zdecydowanie zaleca się minimum 15 znaków.",✓,✓,✓,,
V6,Uwierzytelnianie,V6.2,Bezpieczeństwo haseł,V6.2.2,"Zweryfikuj, że użytkownicy mogą zmienić swoje hasło.",✓,✓,✓,,
V6,Uwierzytelnianie,V6.2,Bezpieczeństwo haseł,V6.2.3,"Zweryfikuj, że funkcja zmiany hasła wymaga podania obecnego i nowego hasła użytkownika.",✓,✓,✓,,
V6,Uwierzytelnianie,V6.2,Bezpieczeństwo haseł,V6.2.4,"Zweryfikuj, że hasła przesyłane podczas rejestracji konta lub zmiany hasła są sprawdzane względem dostępnego zbioru co najmniej 3000 najpopularniejszych haseł spełniających politykę haseł aplikacji, np. minimalną długość.",✓,✓,✓,,
V6,Uwierzytelnianie,V6.2,Bezpieczeństwo haseł,V6.2.5,"Zweryfikuj, że można używać haseł o dowolnej kompozycji, bez reguł ograniczających dozwolone typy znaków. Nie może istnieć wymóg minimalnej liczby wielkich lub małych liter, cyfr ani znaków specjalnych.",✓,✓,✓,,
V6,Uwierzytelnianie,V6.2,Bezpieczeństwo haseł,V6.2.6,"Zweryfikuj, że pola wprowadzania hasła używają type=password w celu maskowania wpisywanej treści. Aplikacje mogą pozwalać użytkownikowi na tymczasowe wyświetlenie całego zamaskowanego hasła lub ostatnio wpisanego znaku.",✓,✓,✓,,
V6,Uwierzytelnianie,V6.2,Bezpieczeństwo haseł,V6.2.7,"Zweryfikuj, że dozwolone są funkcja „wklej”, przeglądarkowe pomocniki haseł oraz zewnętrzne menedżery haseł.",✓,✓,✓,,
V6,Uwierzytelnianie,V6.2,Bezpieczeństwo haseł,V6.2.8,"Zweryfikuj, że aplikacja weryfikuje hasło użytkownika dokładnie w postaci otrzymanej od użytkownika, bez żadnych modyfikacji, takich jak obcinanie czy zmiana wielkości liter.",✓,✓,✓,,
V6,Uwierzytelnianie,V6.2,Bezpieczeństwo haseł,V6.2.9,"Zweryfikuj, że dozwolone są hasła o długości co najmniej 64 znaków.",,✓,✓,,
V6,Uwierzytelnianie,V6.2,Bezpieczeństwo haseł,V6.2.10,"Zweryfikuj, że hasło użytkownika pozostaje ważne, dopóki nie zostanie wykryta jego kompromitacja lub użytkownik sam go nie zmieni. Aplikacja nie może wymagać okresowej rotacji poświadczeń.",,✓,✓,,
V6,Uwierzytelnianie,V6.2,Bezpieczeństwo haseł,V6.2.11,"Zweryfikuj, że udokumentowana lista słów specyficznych dla kontekstu jest używana, aby zapobiegać tworzeniu łatwych do odgadnięcia haseł.",,✓,✓,,
V6,Uwierzytelnianie,V6.2,Bezpieczeństwo haseł,V6.2.12,"Zweryfikuj, że hasła przesyłane podczas rejestracji konta lub zmiany hasła są sprawdzane względem zbioru haseł ujawnionych w wyciekach.",,✓,✓,,
V6,Uwierzytelnianie,V6.3,Ogólne bezpieczeństwo uwierzytelniania,V6.3.1,"Zweryfikuj, że mechanizmy zapobiegające atakom takim jak credential stuffing i łamanie haseł metodą siłową są wdrożone zgodnie z dokumentacją bezpieczeństwa aplikacji.",✓,✓,✓,,
V6,Uwierzytelnianie,V6.3,Ogólne bezpieczeństwo uwierzytelniania,V6.3.2,"Zweryfikuj, że domyślne konta użytkowników (np. „root”, „admin” lub „sa”) nie występują w aplikacji lub są wyłączone.",✓,✓,✓,,
V6,Uwierzytelnianie,V6.3,Ogólne bezpieczeństwo uwierzytelniania,V6.3.3,"Zweryfikuj, że do uzyskania dostępu do aplikacji musi być używany mechanizm uwierzytelniania wieloskładnikowego albo kombinacja mechanizmów jednoskładnikowych. Dla L3 jednym ze składników musi być sprzętowy mechanizm uwierzytelniania, zapewniający odporność na kompromitację i podszywanie się w atakach phishingowych oraz weryfikujący zamiar uwierzytelnienia poprzez wymaganie działania zainicjowanego przez użytkownika (takiego jak naciśnięcie przycisku na kluczu sprzętowym FIDO lub telefonie komórkowym). Złagodzenie któregokolwiek z warunków tego wymagania wymaga w pełni udokumentowanego uzasadnienia oraz kompleksowego zestawu mechanizmów ograniczających ryzyko.",,✓,✓,,
V6,Uwierzytelnianie,V6.3,Ogólne bezpieczeństwo uwierzytelniania,V6.3.4,"Zweryfikuj, że jeśli aplikacja udostępnia wiele ścieżek uwierzytelniania, nie istnieją ścieżki nieudokumentowane, a mechanizmy bezpieczeństwa i siła uwierzytelniania są egzekwowane spójnie.",,✓,✓,,
V6,Uwierzytelnianie,V6.3,Ogólne bezpieczeństwo uwierzytelniania,V6.3.5,"Zweryfikuj, że użytkownicy są powiadamiani o podejrzanych próbach uwierzytelnienia (udanych lub nieudanych). Może to obejmować próby uwierzytelnienia z nietypowej lokalizacji lub klienta, uwierzytelnienie częściowo udane (tylko jeden z wielu składników), próbę uwierzytelnienia po długim okresie bezczynności lub udane uwierzytelnienie po kilku nieudanych próbach.",,,✓,,
V6,Uwierzytelnianie,V6.3,Ogólne bezpieczeństwo uwierzytelniania,V6.3.6,"Zweryfikuj, że e-mail nie jest używany jako mechanizm uwierzytelniania — ani jednoskładnikowego, ani wieloskładnikowego.",,,✓,,
V6,Uwierzytelnianie,V6.3,Ogólne bezpieczeństwo uwierzytelniania,V6.3.7,"Zweryfikuj, że użytkownicy są powiadamiani po zmianach danych uwierzytelniania, takich jak resety poświadczeń lub modyfikacja nazwy użytkownika bądź adresu e-mail.",,,✓,,
V6,Uwierzytelnianie,V6.3,Ogólne bezpieczeństwo uwierzytelniania,V6.3.8,"Zweryfikuj, że na podstawie nieudanych prób uwierzytelnienia nie można wywnioskować istnienia prawidłowych użytkowników — na przykład na podstawie komunikatów o błędach, kodów odpowiedzi HTTP lub różnych czasów odpowiedzi. Ochronę tę musi mieć również funkcjonalność rejestracji i odzyskiwania zapomnianego hasła.",,,✓,,
V6,Uwierzytelnianie,V6.4,Cykl życia i odzyskiwanie czynników uwierzytelniania,V6.4.1,"Zweryfikuj, że generowane przez system hasła początkowe lub kody aktywacyjne są generowane w sposób bezpiecznie losowy, zgodne z obowiązującą polityką haseł oraz wygasają po krótkim czasie lub po pierwszym użyciu. Te początkowe sekrety nie mogą stać się hasłem długoterminowym.",✓,✓,✓,,
V6,Uwierzytelnianie,V6.4,Cykl życia i odzyskiwanie czynników uwierzytelniania,V6.4.2,"Zweryfikuj, że nie występują podpowiedzi do haseł ani uwierzytelnianie oparte na wiedzy (tzw. „pytania bezpieczeństwa”).",✓,✓,✓,,
V6,Uwierzytelnianie,V6.4,Cykl życia i odzyskiwanie czynników uwierzytelniania,V6.4.3,"Zweryfikuj, że wdrożony jest bezpieczny proces resetowania zapomnianego hasła, który nie omija żadnych włączonych mechanizmów uwierzytelniania wieloskładnikowego.",,✓,✓,,
V6,Uwierzytelnianie,V6.4,Cykl życia i odzyskiwanie czynników uwierzytelniania,V6.4.4,"Zweryfikuj, że w razie utraty składnika uwierzytelniania wieloskładnikowego przeprowadzane jest potwierdzenie tożsamości na tym samym poziomie, co podczas rejestracji.",,✓,✓,,
V6,Uwierzytelnianie,V6.4,Cykl życia i odzyskiwanie czynników uwierzytelniania,V6.4.5,"Zweryfikuj, że instrukcje odnowienia dla wygasających mechanizmów uwierzytelniania są wysyłane z wyprzedzeniem wystarczającym na ich wykonanie przed wygaśnięciem starego mechanizmu, z konfiguracją automatycznych przypomnień w razie potrzeby.",,,✓,,
V6,Uwierzytelnianie,V6.4,Cykl życia i odzyskiwanie czynników uwierzytelniania,V6.4.6,"Zweryfikuj, że użytkownicy administracyjni mogą zainicjować proces resetowania hasła użytkownika, ale nie mogą przy tym zmienić ani wybrać hasła użytkownika. Zapobiega to sytuacji, w której znaliby hasło użytkownika.",,,✓,,
V6,Uwierzytelnianie,V6.5,Ogólne wymagania uwierzytelniania wieloskładnikowego,V6.5.1,"Zweryfikuj, że sekrety odszukiwane, pozapasmowe żądania lub kody uwierzytelniania oraz hasła jednorazowe oparte na czasie (TOTP) mogą zostać skutecznie użyte tylko raz.",,✓,✓,,
V6,Uwierzytelnianie,V6.5,Ogólne wymagania uwierzytelniania wieloskładnikowego,V6.5.2,"Zweryfikuj, że sekrety odszukiwane o entropii mniejszej niż 112 bitów (19 losowych znaków alfanumerycznych lub 34 losowe cyfry), przechowywane w backendzie aplikacji, są haszowane zatwierdzonym algorytmem haszowania do przechowywania haseł, wykorzystującym 32-bitową losową sól. Jeśli sekret ma entropię 112 bitów lub więcej, można użyć standardowej funkcji skrótu.",,✓,✓,,
V6,Uwierzytelnianie,V6.5,Ogólne wymagania uwierzytelniania wieloskładnikowego,V6.5.3,"Zweryfikuj, że sekrety odszukiwane, pozapasmowe kody uwierzytelniania oraz ziarna haseł jednorazowych opartych na czasie są generowane przy użyciu kryptograficznie bezpiecznego generatora liczb pseudolosowych (CSPRNG), aby uniknąć przewidywalnych wartości.",,✓,✓,,
V6,Uwierzytelnianie,V6.5,Ogólne wymagania uwierzytelniania wieloskładnikowego,V6.5.4,"Zweryfikuj, że sekrety odszukiwane i pozapasmowe kody uwierzytelniania mają entropię co najmniej 20 bitów (zwykle wystarczą 4 losowe znaki alfanumeryczne lub 6 losowych cyfr).",,✓,✓,,
V6,Uwierzytelnianie,V6.5,Ogólne wymagania uwierzytelniania wieloskładnikowego,V6.5.5,"Zweryfikuj, że pozapasmowe żądania, kody lub tokeny uwierzytelniania, a także hasła jednorazowe oparte na czasie (TOTP), mają zdefiniowany czas życia. Żądania pozapasmowe muszą mieć maksymalny czas życia 10 minut, a TOTP — maksymalnie 30 sekund.",,✓,✓,,
V6,Uwierzytelnianie,V6.5,Ogólne wymagania uwierzytelniania wieloskładnikowego,V6.5.6,"Zweryfikuj, że każdy czynnik uwierzytelniania (w tym urządzenia fizyczne) może zostać unieważniony w przypadku kradzieży lub innej utraty.",,,✓,,
V6,Uwierzytelnianie,V6.5,Ogólne wymagania uwierzytelniania wieloskładnikowego,V6.5.7,"Zweryfikuj, że biometryczne mechanizmy uwierzytelniania są używane wyłącznie jako czynniki drugorzędne, łącznie z czynnikiem „coś, co masz” lub „coś, co wiesz”.",,,✓,,
V6,Uwierzytelnianie,V6.5,Ogólne wymagania uwierzytelniania wieloskładnikowego,V6.5.8,"Zweryfikuj, że hasła jednorazowe oparte na czasie (TOTP) są sprawdzane na podstawie źródła czasu z zaufanej usługi, a nie czasu niezaufanego lub dostarczonego przez klienta.",,,✓,,
V6,Uwierzytelnianie,V6.6,Pozapasmowe mechanizmy uwierzytelniania,V6.6.1,"Zweryfikuj, że mechanizmy uwierzytelniania wykorzystujące publiczną komutowaną sieć telefoniczną (PSTN) do dostarczania haseł jednorazowych (OTP) przez telefon lub SMS są oferowane wyłącznie wtedy, gdy numer telefonu został wcześniej zweryfikowany, oferowane są także alternatywne, silniejsze metody (takie jak hasła jednorazowe oparte na czasie), a usługa informuje użytkowników o związanych z nimi ryzykach bezpieczeństwa. Dla aplikacji L3 telefon i SMS nie mogą być dostępne jako opcje.",,✓,✓,,
V6,Uwierzytelnianie,V6.6,Pozapasmowe mechanizmy uwierzytelniania,V6.6.2,"Zweryfikuj, że pozapasmowe żądania, kody lub tokeny uwierzytelniania są powiązane z pierwotnym żądaniem uwierzytelnienia, dla którego zostały wygenerowane, i nie mogą być użyte dla żądania wcześniejszego ani późniejszego.",,✓,✓,,
V6,Uwierzytelnianie,V6.6,Pozapasmowe mechanizmy uwierzytelniania,V6.6.3,"Zweryfikuj, że pozapasmowy mechanizm uwierzytelniania oparty na kodach jest chroniony przed atakami siłowymi poprzez ograniczanie częstotliwości żądań. Rozważ również użycie kodu o entropii co najmniej 64 bitów.",,✓,✓,,
V6,Uwierzytelnianie,V6.6,Pozapasmowe mechanizmy uwierzytelniania,V6.6.4,"Zweryfikuj, że tam, gdzie do uwierzytelniania wieloskładnikowego używane są powiadomienia push, stosowane jest ograniczanie częstotliwości żądań, aby zapobiec atakom push bombing. Ryzyko to może ograniczyć również dopasowanie numeru (number matching).",,,✓,,
V6,Uwierzytelnianie,V6.7,Kryptograficzny mechanizm uwierzytelniania,V6.7.1,"Zweryfikuj, że certyfikaty używane do weryfikacji kryptograficznych asercji uwierzytelniania są przechowywane w sposób chroniący je przed modyfikacją.",,,✓,,
V6,Uwierzytelnianie,V6.7,Kryptograficzny mechanizm uwierzytelniania,V6.7.2,"Zweryfikuj, że wyzwanie (nonce) ma długość co najmniej 64 bitów i jest statystycznie unikalne lub unikalne w całym cyklu życia urządzenia kryptograficznego.",,,✓,,
V6,Uwierzytelnianie,V6.8,Uwierzytelnianie z dostawcą tożsamości,V6.8.1,"Zweryfikuj, że jeśli aplikacja wspiera wielu dostawców tożsamości (IdP), tożsamości użytkownika nie można podrobić za pośrednictwem innego wspieranego dostawcy (np. używając tego samego identyfikatora użytkownika). Standardowym środkiem zaradczym jest rejestrowanie i identyfikowanie użytkownika przez aplikację na podstawie kombinacji identyfikatora IdP (pełniącego rolę przestrzeni nazw) oraz identyfikatora użytkownika w ramach danego IdP.",,✓,✓,,
V6,Uwierzytelnianie,V6.8,Uwierzytelnianie z dostawcą tożsamości,V6.8.2,"Zweryfikuj, że obecność i integralność podpisów cyfrowych na asercjach uwierzytelniania (na przykład na tokenach JWT lub asercjach SAML) jest zawsze walidowana, z odrzucaniem wszelkich asercji niepodpisanych lub z nieprawidłowymi podpisami.",,✓,✓,,
V6,Uwierzytelnianie,V6.8,Uwierzytelnianie z dostawcą tożsamości,V6.8.3,"Zweryfikuj, że asercje SAML są przetwarzane w sposób unikalny i używane tylko raz w okresie ważności, aby zapobiec atakom powtórzeniowym.",,✓,✓,,
V6,Uwierzytelnianie,V6.8,Uwierzytelnianie z dostawcą tożsamości,V6.8.4,"Zweryfikuj, że jeśli aplikacja korzysta z odrębnego dostawcy tożsamości (IdP) i oczekuje określonej siły, metod lub aktualności uwierzytelnienia dla konkretnych funkcji, weryfikuje to na podstawie informacji zwróconych przez IdP. Na przykład przy użyciu OIDC można to osiągnąć poprzez walidację oświadczeń tokena ID, takich jak 'acr', 'amr' i 'auth_time' (jeśli występują). Jeśli IdP nie dostarcza tych informacji, aplikacja musi mieć udokumentowane podejście awaryjne zakładające, że użyto mechanizmu uwierzytelniania o minimalnej sile (na przykład jednoskładnikowego z nazwą użytkownika i hasłem).",,✓,✓,,
V7,Zarządzanie sesją,V7.1,Dokumentacja zarządzania sesją,V7.1.1,"Zweryfikuj, że limit czasu bezczynności sesji użytkownika oraz bezwzględny maksymalny czas życia sesji są udokumentowane, odpowiednie w połączeniu z innymi mechanizmami, a dokumentacja zawiera uzasadnienie wszelkich odstępstw od wymagań ponownego uwierzytelniania NIST SP 800-63B.",,✓,✓,,
V7,Zarządzanie sesją,V7.1,Dokumentacja zarządzania sesją,V7.1.2,"Zweryfikuj, że dokumentacja definiuje, ile równoczesnych (równoległych) sesji jest dozwolonych dla jednego konta, a także zamierzone zachowania i działania podejmowane po osiągnięciu maksymalnej liczby aktywnych sesji.",,✓,✓,,
V7,Zarządzanie sesją,V7.1,Dokumentacja zarządzania sesją,V7.1.3,"Zweryfikuj, że wszystkie systemy tworzące i zarządzające sesjami użytkowników w ramach ekosystemu federacyjnego zarządzania tożsamością (takie jak systemy SSO) są udokumentowane wraz z mechanizmami koordynacji czasów życia sesji, ich kończenia oraz wszelkich innych warunków wymagających ponownego uwierzytelnienia.",,✓,✓,,
V7,Zarządzanie sesją,V7.2,Podstawowe bezpieczeństwo zarządzania sesją,V7.2.1,"Zweryfikuj, że aplikacja wykonuje całą weryfikację tokenów sesji z użyciem zaufanej usługi backendowej.",✓,✓,✓,,
V7,Zarządzanie sesją,V7.2,Podstawowe bezpieczeństwo zarządzania sesją,V7.2.2,"Zweryfikuj, że aplikacja używa do zarządzania sesją tokenów samowystarczalnych albo referencyjnych, generowanych dynamicznie — tj. nie używa statycznych sekretów i kluczy API.",✓,✓,✓,,
V7,Zarządzanie sesją,V7.2,Podstawowe bezpieczeństwo zarządzania sesją,V7.2.3,"Zweryfikuj, że jeśli do reprezentowania sesji użytkowników używane są tokeny referencyjne, są one unikalne, generowane przy użyciu kryptograficznie bezpiecznego generatora liczb pseudolosowych (CSPRNG) i mają entropię co najmniej 128 bitów.",✓,✓,✓,,
V7,Zarządzanie sesją,V7.2,Podstawowe bezpieczeństwo zarządzania sesją,V7.2.4,"Zweryfikuj, że aplikacja generuje nowy token sesji przy uwierzytelnieniu użytkownika, w tym przy ponownym uwierzytelnieniu, oraz unieważnia dotychczasowy token sesji.",✓,✓,✓,,
V7,Zarządzanie sesją,V7.3,Wygasanie sesji,V7.3.1,"Zweryfikuj, że istnieje limit czasu bezczynności, po którym wymuszane jest ponowne uwierzytelnienie, zgodnie z analizą ryzyka i udokumentowanymi decyzjami bezpieczeństwa.",,✓,✓,,
V7,Zarządzanie sesją,V7.3,Wygasanie sesji,V7.3.2,"Zweryfikuj, że istnieje bezwzględny maksymalny czas życia sesji, po którym wymuszane jest ponowne uwierzytelnienie, zgodnie z analizą ryzyka i udokumentowanymi decyzjami bezpieczeństwa.",,✓,✓,,
V7,Zarządzanie sesją,V7.4,Kończenie sesji,V7.4.1,"Zweryfikuj, że po wyzwoleniu zakończenia sesji (np. wylogowanie lub wygaśnięcie) aplikacja uniemożliwia dalsze korzystanie z sesji. Dla tokenów referencyjnych lub sesji stanowych oznacza to unieważnienie danych sesji w backendzie aplikacji. Aplikacje używające tokenów samowystarczalnych będą potrzebowały rozwiązania takiego jak utrzymywanie listy zakończonych tokenów, odrzucanie tokenów wystawionych przed określoną dla każdego użytkownika datą i godziną lub rotacja klucza podpisującego dla każdego użytkownika.",✓,✓,✓,,
V7,Zarządzanie sesją,V7.4,Kończenie sesji,V7.4.2,"Zweryfikuj, że aplikacja kończy wszystkie aktywne sesje, gdy konto użytkownika zostaje wyłączone lub usunięte (np. gdy pracownik odchodzi z firmy).",✓,✓,✓,,
V7,Zarządzanie sesją,V7.4,Kończenie sesji,V7.4.3,"Zweryfikuj, że aplikacja daje możliwość zakończenia wszystkich pozostałych aktywnych sesji po udanej zmianie lub usunięciu dowolnego czynnika uwierzytelniania (w tym zmianie hasła poprzez reset lub odzyskiwanie oraz — jeśli występuje — zmianie ustawień MFA).",,✓,✓,,
V7,Zarządzanie sesją,V7.4,Kończenie sesji,V7.4.4,"Zweryfikuj, że wszystkie strony wymagające uwierzytelnienia mają łatwy i widoczny dostęp do funkcji wylogowania.",,✓,✓,,
V7,Zarządzanie sesją,V7.4,Kończenie sesji,V7.4.5,"Zweryfikuj, że administratorzy aplikacji mają możliwość kończenia aktywnych sesji pojedynczego użytkownika lub wszystkich użytkowników.",,✓,✓,,
V7,Zarządzanie sesją,V7.5,Obrona przed nadużyciem sesji,V7.5.1,"Zweryfikuj, że aplikacja wymaga pełnego ponownego uwierzytelnienia przed zezwoleniem na modyfikację wrażliwych atrybutów konta, które mogą wpływać na uwierzytelnianie — takich jak adres e-mail, numer telefonu, konfiguracja MFA lub inne informacje używane przy odzyskiwaniu konta.",,✓,✓,,
V7,Zarządzanie sesją,V7.5,Obrona przed nadużyciem sesji,V7.5.2,"Zweryfikuj, że użytkownicy mogą przeglądać i (po ponownym uwierzytelnieniu co najmniej jednym czynnikiem) kończyć dowolne lub wszystkie aktualnie aktywne sesje.",,✓,✓,,
V7,Zarządzanie sesją,V7.5,Obrona przed nadużyciem sesji,V7.5.3,"Zweryfikuj, że aplikacja wymaga dodatkowego uwierzytelnienia co najmniej jednym czynnikiem lub weryfikacji wtórnej przed wykonaniem wysoce wrażliwych transakcji lub operacji.",,,✓,,
V7,Zarządzanie sesją,V7.6,Ponowne uwierzytelnianie federacyjne,V7.6.1,"Zweryfikuj, że czas życia i kończenie sesji między stronami ufającymi (RP) a dostawcami tożsamości (IdP) zachowują się zgodnie z dokumentacją, wymagając ponownego uwierzytelnienia w razie potrzeby — na przykład po osiągnięciu maksymalnego czasu między zdarzeniami uwierzytelnienia w IdP.",,✓,✓,,
V7,Zarządzanie sesją,V7.6,Ponowne uwierzytelnianie federacyjne,V7.6.2,"Zweryfikuj, że utworzenie sesji wymaga zgody użytkownika albo jego jawnego działania, uniemożliwiając tworzenie nowych sesji aplikacji bez interakcji użytkownika.",,✓,✓,,
V8,Autoryzacja,V8.1,Dokumentacja autoryzacji,V8.1.1,"Zweryfikuj, że dokumentacja autoryzacji definiuje reguły ograniczania dostępu na poziomie funkcji oraz dostępu do konkretnych danych na podstawie uprawnień konsumenta i atrybutów zasobu.",✓,✓,✓,,
V8,Autoryzacja,V8.1,Dokumentacja autoryzacji,V8.1.2,"Zweryfikuj, że dokumentacja autoryzacji definiuje reguły ograniczeń dostępu na poziomie pól (zarówno odczytu, jak i zapisu) na podstawie uprawnień konsumenta i atrybutów zasobu. Zwróć uwagę, że reguły te mogą zależeć od innych wartości atrybutów danego obiektu danych, takich jak stan lub status.",,✓,✓,,
V8,Autoryzacja,V8.1,Dokumentacja autoryzacji,V8.1.3,"Zweryfikuj, że dokumentacja aplikacji definiuje atrybuty środowiskowe i kontekstowe (w tym między innymi porę dnia, lokalizację użytkownika, adres IP lub urządzenie), które są używane w aplikacji do podejmowania decyzji bezpieczeństwa, w tym dotyczących uwierzytelniania i autoryzacji.",,,✓,,
V8,Autoryzacja,V8.1,Dokumentacja autoryzacji,V8.1.4,"Zweryfikuj, że dokumentacja uwierzytelniania i autoryzacji definiuje, w jaki sposób czynniki środowiskowe i kontekstowe są wykorzystywane w podejmowaniu decyzji, obok autoryzacji na poziomie funkcji, konkretnych danych i pól. Powinno to obejmować oceniane atrybuty, progi ryzyka oraz podejmowane działania (np. zezwól, zażądaj potwierdzenia, odmów, uwierzytelnianie stopniowe).",,,✓,,
V8,Autoryzacja,V8.2,Ogólny projekt autoryzacji,V8.2.1,"Zweryfikuj, że aplikacja zapewnia ograniczenie dostępu na poziomie funkcji do konsumentów posiadających jawne uprawnienia.",✓,✓,✓,,
V8,Autoryzacja,V8.2,Ogólny projekt autoryzacji,V8.2.2,"Zweryfikuj, że aplikacja zapewnia ograniczenie dostępu do konkretnych danych do konsumentów posiadających jawne uprawnienia do konkretnych elementów danych, aby ograniczyć ryzyko insecure direct object reference (IDOR) oraz broken object level authorization (BOLA).",✓,✓,✓,,
V8,Autoryzacja,V8.2,Ogólny projekt autoryzacji,V8.2.3,"Zweryfikuj, że aplikacja zapewnia ograniczenie dostępu na poziomie pól do konsumentów posiadających jawne uprawnienia do konkretnych pól, aby ograniczyć ryzyko broken object property level authorization (BOPLA).",,✓,✓,,
V8,Autoryzacja,V8.2,Ogólny projekt autoryzacji,V8.2.4,"Zweryfikuj, że adaptacyjne mechanizmy bezpieczeństwa oparte na atrybutach środowiskowych i kontekstowych konsumenta (takich jak pora dnia, lokalizacja, adres IP lub urządzenie) są wdrożone dla decyzji uwierzytelniania i autoryzacji, zgodnie z dokumentacją aplikacji. Mechanizmy te muszą być stosowane zarówno gdy konsument próbuje rozpocząć nową sesję, jak i w trakcie istniejącej sesji.",,,✓,,
V8,Autoryzacja,V8.3,Autoryzacja na poziomie operacji,V8.3.1,"Zweryfikuj, że aplikacja egzekwuje reguły autoryzacji w zaufanej warstwie usługowej i nie polega na mechanizmach, którymi niezaufany konsument mógłby manipulować, takich jak JavaScript po stronie klienta.",✓,✓,✓,,
V8,Autoryzacja,V8.3,Autoryzacja na poziomie operacji,V8.3.2,"Zweryfikuj, że zmiany wartości, na podstawie których podejmowane są decyzje autoryzacyjne, są stosowane natychmiast. Tam, gdzie zmian nie da się zastosować natychmiast (na przykład przy poleganiu na danych w tokenach samowystarczalnych), muszą istnieć mechanizmy kompensujące, które alarmują, gdy konsument wykonuje działanie, do którego nie jest już uprawniony, i wycofują zmianę. Zwróć uwagę, że ta alternatywa nie ograniczy wycieku informacji.",,,✓,,
V8,Autoryzacja,V8.3,Autoryzacja na poziomie operacji,V8.3.3,"Zweryfikuj, że dostęp do obiektu opiera się na uprawnieniach pierwotnego podmiotu (np. konsumenta), a nie na uprawnieniach pośrednika lub usługi działającej w jego imieniu. Na przykład jeśli konsument wywołuje usługę sieciową, uwierzytelniając się tokenem samowystarczalnym, a usługa następnie żąda danych od innej usługi, druga usługa użyje do decyzji o uprawnieniach tokena konsumenta, a nie tokena maszyna–maszyna pierwszej usługi.",,,✓,,
V8,Autoryzacja,V8.4,Pozostałe kwestie autoryzacji,V8.4.1,"Zweryfikuj, że aplikacje wielodostępne stosują mechanizmy separacji między najemcami, zapewniające, że operacje konsumenta nigdy nie wpłyną na najemców, z którymi nie ma on uprawnień do interakcji.",,✓,✓,,
V8,Autoryzacja,V8.4,Pozostałe kwestie autoryzacji,V8.4.2,"Zweryfikuj, że dostęp do interfejsów administracyjnych obejmuje wiele warstw bezpieczeństwa, w tym ciągłą weryfikację tożsamości konsumenta, ocenę stanu bezpieczeństwa urządzenia oraz kontekstową analizę ryzyka — zapewniając, że lokalizacja sieciowa lub zaufane endpointy nie są jedynymi czynnikami autoryzacji, nawet jeśli zmniejszają prawdopodobieństwo nieautoryzowanego dostępu.",,,✓,,
V9,Tokeny samowystarczalne,V9.1,Źródło i integralność tokena,V9.1.1,"Zweryfikuj, że tokeny samowystarczalne są walidowane z użyciem ich podpisu cyfrowego lub kodu MAC w celu ochrony przed manipulacją, zanim zawartość tokena zostanie zaakceptowana.",✓,✓,✓,,
V9,Tokeny samowystarczalne,V9.1,Źródło i integralność tokena,V9.1.2,"Zweryfikuj, że do tworzenia i weryfikacji tokenów samowystarczalnych w danym kontekście mogą być używane wyłącznie algorytmy z listy dozwolonych. Lista dozwolonych musi zawierać dopuszczone algorytmy — najlepiej wyłącznie symetryczne albo wyłącznie asymetryczne — i nie może zawierać algorytmu 'None'. Jeśli muszą być wspierane zarówno algorytmy symetryczne, jak i asymetryczne, konieczne będą dodatkowe mechanizmy zapobiegające pomyleniu kluczy (key confusion).",✓,✓,✓,,
V9,Tokeny samowystarczalne,V9.1,Źródło i integralność tokena,V9.1.3,"Zweryfikuj, że materiał klucza używany do walidacji tokenów samowystarczalnych pochodzi z zaufanych, wstępnie skonfigurowanych źródeł dla danego wystawcy tokena, uniemożliwiając atakującym wskazanie niezaufanych źródeł i kluczy. Dla JWT i innych struktur JWS nagłówki takie jak 'jku', 'x5u' i 'jwk' muszą być walidowane względem listy dozwolonych zaufanych źródeł.",✓,✓,✓,,
V9,Tokeny samowystarczalne,V9.2,Zawartość tokena,V9.2.1,"Zweryfikuj, że jeśli w danych tokena obecny jest przedział czasu ważności, token i jego zawartość są akceptowane tylko wtedy, gdy czas weryfikacji mieści się w tym przedziale. Na przykład dla JWT muszą być weryfikowane oświadczenia 'nbf' i 'exp'.",✓,✓,✓,,
V9,Tokeny samowystarczalne,V9.2,Zawartość tokena,V9.2.2,"Zweryfikuj, że usługa odbierająca token waliduje, czy token jest właściwego typu i przeznaczony do zamierzonego celu, zanim zaakceptuje jego zawartość. Na przykład do decyzji autoryzacyjnych mogą być akceptowane wyłącznie tokeny dostępu, a do potwierdzania uwierzytelnienia użytkownika — wyłącznie tokeny ID.",,✓,✓,,
V9,Tokeny samowystarczalne,V9.2,Zawartość tokena,V9.2.3,"Zweryfikuj, że usługa akceptuje wyłącznie tokeny przeznaczone do użytku z tą usługą (audience). Dla JWT można to osiągnąć, walidując oświadczenie 'aud' względem listy dozwolonych zdefiniowanej w usłudze.",,✓,✓,,
V9,Tokeny samowystarczalne,V9.2,Zawartość tokena,V9.2.4,"Zweryfikuj, że jeśli wystawca tokenów używa tego samego klucza prywatnego do wystawiania tokenów dla różnych odbiorców (audiences), wystawiane tokeny zawierają ograniczenie odbiorcy jednoznacznie identyfikujące zamierzonych odbiorców. Zapobiegnie to ponownemu użyciu tokena z niezamierzonym odbiorcą. Jeśli identyfikator odbiorcy jest przydzielany dynamicznie, wystawca tokenów musi walidować tych odbiorców, aby upewnić się, że nie prowadzi to do podszywania się pod odbiorcę.",,✓,✓,,
V10,OAuth i OIDC,V10.1,Ogólne bezpieczeństwo OAuth i OIDC,V10.1.1,"Zweryfikuj, że tokeny są wysyłane wyłącznie do komponentów, które ściśle ich potrzebują. Na przykład przy stosowaniu wzorca backend-for-frontend dla przeglądarkowych aplikacji JavaScript tokeny dostępu i odświeżania mogą być dostępne wyłącznie dla backendu.",,✓,✓,,
V10,OAuth i OIDC,V10.1,Ogólne bezpieczeństwo OAuth i OIDC,V10.1.2,"Zweryfikuj, że klient akceptuje wartości od serwera autoryzacji (takie jak kod autoryzacyjny lub token ID) tylko wtedy, gdy wartości te pochodzą z przepływu autoryzacji zainicjowanego przez tę samą sesję agenta użytkownika i tę samą transakcję. Wymaga to, aby sekrety generowane przez klienta — takie jak 'code_verifier' z proof key for code exchange (PKCE), 'state' lub 'nonce' OIDC — były nieodgadywalne, specyficzne dla transakcji oraz bezpiecznie powiązane zarówno z klientem, jak i z sesją agenta użytkownika, w której transakcja została rozpoczęta.",,✓,✓,,
V10,OAuth i OIDC,V10.2,Klient OAuth,V10.2.1,"Zweryfikuj, że jeśli używany jest przepływ kodu (code flow), klient OAuth posiada ochronę przed przeglądarkowymi atakami fałszowania żądań — powszechnie znanymi jako cross-site request forgery (CSRF) — wyzwalającymi żądania tokenów, poprzez użycie mechanizmu proof key for code exchange (PKCE) albo sprawdzanie parametru 'state' wysłanego w żądaniu autoryzacji.",,✓,✓,,
V10,OAuth i OIDC,V10.2,Klient OAuth,V10.2.2,"Zweryfikuj, że jeśli klient OAuth może współpracować z więcej niż jednym serwerem autoryzacji, posiada obronę przed atakami mix-up. Na przykład może wymagać, aby serwer autoryzacji zwracał wartość parametru 'iss', i walidować ją w odpowiedzi autoryzacji oraz odpowiedzi tokena.",,✓,✓,,
V10,OAuth i OIDC,V10.2,Klient OAuth,V10.2.3,"Zweryfikuj, że klient OAuth żąda w żądaniach do serwera autoryzacji wyłącznie wymaganych zakresów (scopes) lub innych parametrów autoryzacji.",,,✓,,
V10,OAuth i OIDC,V10.3,Serwer zasobów OAuth,V10.3.1,"Zweryfikuj, że serwer zasobów akceptuje wyłącznie tokeny dostępu przeznaczone do użytku z tą usługą (audience). Odbiorca może być zawarty w ustrukturyzowanym tokenie dostępu (np. oświadczenie 'aud' w JWT) albo sprawdzany z użyciem endpointu introspekcji tokenów.",,✓,✓,,
V10,OAuth i OIDC,V10.3,Serwer zasobów OAuth,V10.3.2,"Zweryfikuj, że serwer zasobów egzekwuje decyzje autoryzacyjne na podstawie oświadczeń z tokena dostępu definiujących delegowaną autoryzację. Jeśli obecne są oświadczenia takie jak 'sub', 'scope' i 'authorization_details', muszą one stanowić część decyzji.",,✓,✓,,
V10,OAuth i OIDC,V10.3,Serwer zasobów OAuth,V10.3.3,"Zweryfikuj, że jeśli decyzja kontroli dostępu wymaga zidentyfikowania unikalnego użytkownika na podstawie tokena dostępu (JWT lub powiązanej odpowiedzi introspekcji tokena), serwer zasobów identyfikuje użytkownika na podstawie oświadczeń, których nie można przypisać ponownie innym użytkownikom. Zwykle oznacza to użycie kombinacji oświadczeń 'iss' i 'sub'.",,✓,✓,,
V10,OAuth i OIDC,V10.3,Serwer zasobów OAuth,V10.3.4,"Zweryfikuj, że jeśli serwer zasobów wymaga określonej siły, metod lub aktualności uwierzytelnienia, weryfikuje, czy przedstawiony token dostępu spełnia te ograniczenia — na przykład, jeśli występują, z użyciem oświadczeń OIDC odpowiednio 'acr', 'amr' i 'auth_time'.",,✓,✓,,
V10,OAuth i OIDC,V10.3,Serwer zasobów OAuth,V10.3.5,"Zweryfikuj, że serwer zasobów zapobiega użyciu skradzionych tokenów dostępu lub ich powtórzeniu (przez strony nieuprawnione), wymagając tokenów dostępu ograniczonych do nadawcy (sender-constrained) — z użyciem Mutual TLS dla OAuth 2 albo OAuth 2 Demonstration of Proof of Possession (DPoP).",,,✓,,
V10,OAuth i OIDC,V10.4,Serwer autoryzacji OAuth,V10.4.1,"Zweryfikuj, że serwer autoryzacji waliduje URI przekierowania na podstawie specyficznej dla klienta listy dozwolonych wstępnie zarejestrowanych URI, stosując porównanie dokładne (exact string comparison).",✓,✓,✓,,
V10,OAuth i OIDC,V10.4,Serwer autoryzacji OAuth,V10.4.2,"Zweryfikuj, że jeśli serwer autoryzacji zwraca kod autoryzacyjny w odpowiedzi autoryzacji, kod ten może zostać użyty tylko raz w żądaniu tokena. Przy drugim poprawnym żądaniu z kodem autoryzacyjnym, który został już użyty do wystawienia tokena dostępu, serwer autoryzacji musi odrzucić żądanie tokena oraz unieważnić wszystkie wystawione tokeny powiązane z tym kodem autoryzacyjnym.",✓,✓,✓,,
V10,OAuth i OIDC,V10.4,Serwer autoryzacji OAuth,V10.4.3,"Zweryfikuj, że kod autoryzacyjny jest krótkotrwały. Maksymalny czas życia może wynosić do 10 minut dla aplikacji L1 i L2 oraz do 1 minuty dla aplikacji L3.",✓,✓,✓,,
V10,OAuth i OIDC,V10.4,Serwer autoryzacji OAuth,V10.4.4,"Zweryfikuj, że dla danego klienta serwer autoryzacji zezwala wyłącznie na użycie grantów, których ten klient potrzebuje. Zwróć uwagę, że granty 'token' (przepływ Implicit) oraz 'password' (przepływ Resource Owner Password Credentials) nie mogą być już używane.",✓,✓,✓,,
V10,OAuth i OIDC,V10.4,Serwer autoryzacji OAuth,V10.4.5,"Zweryfikuj, że serwer autoryzacji ogranicza ryzyko ataków powtórzeniowych na tokeny odświeżania dla klientów publicznych, najlepiej z użyciem tokenów odświeżania ograniczonych do nadawcy, tj. Demonstrating Proof of Possession (DPoP) lub tokenów dostępu powiązanych z certyfikatem z użyciem mutual TLS (mTLS). Dla aplikacji L1 i L2 można stosować rotację tokenów odświeżania. Jeśli stosowana jest rotacja, serwer autoryzacji musi unieważnić token odświeżania po użyciu oraz odwołać wszystkie tokeny odświeżania dla danej autoryzacji, jeśli przedstawiony zostanie token odświeżania już użyty i unieważniony.",✓,✓,✓,,
V10,OAuth i OIDC,V10.4,Serwer autoryzacji OAuth,V10.4.6,"Zweryfikuj, że jeśli używany jest grant kodu, serwer autoryzacji ogranicza ryzyko ataków przechwycenia kodu autoryzacyjnego, wymagając proof key for code exchange (PKCE). Dla żądań autoryzacji serwer autoryzacji musi wymagać prawidłowej wartości 'code_challenge' i nie może akceptować wartości 'code_challenge_method' równej 'plain'. Dla żądania tokena musi wymagać walidacji parametru 'code_verifier'.",,✓,✓,,
V10,OAuth i OIDC,V10.4,Serwer autoryzacji OAuth,V10.4.7,"Zweryfikuj, że jeśli serwer autoryzacji wspiera nieuwierzytelnioną dynamiczną rejestrację klientów, ogranicza ryzyko złośliwych aplikacji klienckich. Musi walidować metadane klienta, takie jak wszelkie rejestrowane URI, zapewnić zgodę użytkownika oraz ostrzec użytkownika przed przetworzeniem żądania autoryzacji z niezaufaną aplikacją kliencką.",,✓,✓,,
V10,OAuth i OIDC,V10.4,Serwer autoryzacji OAuth,V10.4.8,"Zweryfikuj, że tokeny odświeżania mają bezwzględny termin wygaśnięcia, również wtedy, gdy stosowane jest przesuwne wygasanie tokenów odświeżania.",,✓,✓,,
V10,OAuth i OIDC,V10.4,Serwer autoryzacji OAuth,V10.4.9,"Zweryfikuj, że tokeny odświeżania i referencyjne tokeny dostępu mogą zostać odwołane przez uprawnionego użytkownika z poziomu interfejsu użytkownika serwera autoryzacji, aby ograniczyć ryzyko złośliwych klientów lub skradzionych tokenów.",,✓,✓,,
V10,OAuth i OIDC,V10.4,Serwer autoryzacji OAuth,V10.4.10,"Zweryfikuj, że klient poufny jest uwierzytelniany dla żądań kanałem zwrotnym (backchannel) od klienta do serwera autoryzacji, takich jak żądania tokenów, pushed authorization requests (PAR) oraz żądania odwołania tokenów.",,✓,✓,,
V10,OAuth i OIDC,V10.4,Serwer autoryzacji OAuth,V10.4.11,"Zweryfikuj, że konfiguracja serwera autoryzacji przypisuje klientowi OAuth wyłącznie wymagane zakresy.",,✓,✓,,
V10,OAuth i OIDC,V10.4,Serwer autoryzacji OAuth,V10.4.12,"Zweryfikuj, że dla danego klienta serwer autoryzacji zezwala wyłącznie na wartość 'response_mode', której ten klient potrzebuje — na przykład poprzez walidację tej wartości przez serwer autoryzacji względem wartości oczekiwanych albo użycie pushed authorization request (PAR) lub JWT-secured Authorization Request (JAR).",,,✓,,
V10,OAuth i OIDC,V10.4,Serwer autoryzacji OAuth,V10.4.13,"Zweryfikuj, że grant typu 'code' jest zawsze używany łącznie z pushed authorization requests (PAR).",,,✓,,
V10,OAuth i OIDC,V10.4,Serwer autoryzacji OAuth,V10.4.14,"Zweryfikuj, że serwer autoryzacji wystawia wyłącznie tokeny dostępu ograniczone do nadawcy (Proof-of-Possession) — z tokenami dostępu powiązanymi z certyfikatem z użyciem mutual TLS (mTLS) albo tokenami powiązanymi z DPoP (Demonstration of Proof of Possession).",,,✓,,
V10,OAuth i OIDC,V10.4,Serwer autoryzacji OAuth,V10.4.15,"Zweryfikuj, że dla klienta serwerowego (niewykonywanego na urządzeniu użytkownika końcowego) serwer autoryzacji zapewnia, że wartość parametru 'authorization_details' pochodzi z backendu klienta i nie została zmanipulowana przez użytkownika — na przykład poprzez wymaganie użycia pushed authorization request (PAR) lub JWT-secured Authorization Request (JAR).",,,✓,,
V10,OAuth i OIDC,V10.4,Serwer autoryzacji OAuth,V10.4.16,"Zweryfikuj, że klient jest poufny, a serwer autoryzacji wymaga stosowania silnych metod uwierzytelniania klienta (opartych na kryptografii klucza publicznego i odpornych na ataki powtórzeniowe), takich jak mutual TLS ('tls_client_auth', 'self_signed_tls_client_auth') lub private key JWT ('private_key_jwt').",,,✓,,
V10,OAuth i OIDC,V10.5,Klient OIDC,V10.5.1,"Zweryfikuj, że klient (jako strona ufająca) ogranicza ryzyko ataków powtórzeniowych na token ID — na przykład zapewniając, że oświadczenie 'nonce' w tokenie ID odpowiada wartości 'nonce' wysłanej w żądaniu uwierzytelnienia do dostawcy OpenID (w OAuth2 nazywanym żądaniem autoryzacji wysyłanym do serwera autoryzacji).",,✓,✓,,
V10,OAuth i OIDC,V10.5,Klient OIDC,V10.5.2,"Zweryfikuj, że klient jednoznacznie identyfikuje użytkownika na podstawie oświadczeń tokena ID — zwykle oświadczenia 'sub' — których nie można przypisać ponownie innym użytkownikom (w zakresie danego dostawcy tożsamości).",,✓,✓,,
V10,OAuth i OIDC,V10.5,Klient OIDC,V10.5.3,"Zweryfikuj, że klient odrzuca próby podszycia się złośliwego serwera autoryzacji pod inny serwer autoryzacji za pośrednictwem metadanych serwera autoryzacji. Klient musi odrzucić metadane serwera autoryzacji, jeśli URL wystawcy w tych metadanych nie odpowiada dokładnie wstępnie skonfigurowanemu URL wystawcy oczekiwanemu przez klienta.",,✓,✓,,
V10,OAuth i OIDC,V10.5,Klient OIDC,V10.5.4,"Zweryfikuj, że klient waliduje, iż token ID jest przeznaczony do użytku przez tego klienta (audience), sprawdzając, że oświadczenie 'aud' z tokena jest równe wartości 'client_id' klienta.",,✓,✓,,
V10,OAuth i OIDC,V10.5,Klient OIDC,V10.5.5,"Zweryfikuj, że przy korzystaniu z wylogowania kanałem zwrotnym OIDC (back-channel logout) strona ufająca ogranicza ryzyko odmowy usługi poprzez wymuszone wylogowanie oraz pomylenia różnych JWT (cross-JWT confusion) w przepływie wylogowania. Klient musi zweryfikować, że token wylogowania ma poprawny typ o wartości 'logout+jwt', zawiera oświadczenie 'event' z poprawną nazwą elementu oraz nie zawiera oświadczenia 'nonce'. Zwróć uwagę, że zalecany jest również krótki czas wygaśnięcia (np. 2 minuty).",,✓,✓,,
V10,OAuth i OIDC,V10.6,Dostawca OpenID,V10.6.1,"Zweryfikuj, że dostawca OpenID zezwala wyłącznie na wartości 'code', 'ciba', 'id_token' lub 'id_token code' dla trybu odpowiedzi. Zwróć uwagę, że 'code' jest preferowane względem 'id_token code' (przepływ hybrydowy OIDC), a 'token' (jakikolwiek przepływ Implicit) nie może być używany.",,✓,✓,,
V10,OAuth i OIDC,V10.6,Dostawca OpenID,V10.6.2,"Zweryfikuj, że dostawca OpenID ogranicza ryzyko odmowy usługi poprzez wymuszone wylogowanie — uzyskując jawne potwierdzenie od użytkownika końcowego lub, jeśli występują, walidując parametry żądania wylogowania (zainicjowanego przez stronę ufającą), takie jak 'id_token_hint'.",,✓,✓,,
V10,OAuth i OIDC,V10.7,Zarządzanie zgodami,V10.7.1,"Zweryfikuj, że serwer autoryzacji zapewnia, iż użytkownik wyraża zgodę na każde żądanie autoryzacji. Jeśli tożsamości klienta nie można zapewnić, serwer autoryzacji musi zawsze jawnie prosić użytkownika o zgodę.",,✓,✓,,
V10,OAuth i OIDC,V10.7,Zarządzanie zgodami,V10.7.2,"Zweryfikuj, że gdy serwer autoryzacji prosi użytkownika o zgodę, przedstawia wystarczające i jasne informacje o tym, czego zgoda dotyczy. Tam, gdzie ma to zastosowanie, powinno to obejmować charakter żądanych autoryzacji (zwykle na podstawie zakresu, serwera zasobów, szczegółów autoryzacji Rich Authorization Requests (RAR)), tożsamość autoryzowanej aplikacji oraz czas życia tych autoryzacji.",,✓,✓,,
V10,OAuth i OIDC,V10.7,Zarządzanie zgodami,V10.7.3,"Zweryfikuj, że użytkownik może przeglądać, modyfikować i odwoływać zgody, których udzielił za pośrednictwem serwera autoryzacji.",,✓,✓,,
V11,Kryptografia,V11.1,Inwentarz kryptograficzny i dokumentacja,V11.1.1,"Zweryfikuj, że istnieje udokumentowana polityka zarządzania kluczami kryptograficznymi oraz cykl życia klucza kryptograficznego zgodny ze standardem zarządzania kluczami, takim jak NIST SP 800-57. Powinno to obejmować zapewnienie, że klucze nie są nadmiernie współdzielone (na przykład z więcej niż dwoma podmiotami dla sekretów współdzielonych i więcej niż jednym podmiotem dla kluczy prywatnych).",,✓,✓,,
V11,Kryptografia,V11.1,Inwentarz kryptograficzny i dokumentacja,V11.1.2,"Zweryfikuj, że inwentarz kryptograficzny jest wykonywany, utrzymywany, regularnie aktualizowany i obejmuje wszystkie klucze kryptograficzne, algorytmy oraz certyfikaty używane przez aplikację. Musi on również dokumentować, gdzie klucze mogą i nie mogą być używane w systemie, oraz typy danych, które mogą i nie mogą być chronione tymi kluczami.",,✓,✓,,
V11,Kryptografia,V11.1,Inwentarz kryptograficzny i dokumentacja,V11.1.3,"Zweryfikuj, że stosowane są mechanizmy wykrywania kryptografii, identyfikujące wszystkie wystąpienia kryptografii w systemie, w tym operacje szyfrowania, haszowania i podpisywania.",,,✓,,
V11,Kryptografia,V11.1,Inwentarz kryptograficzny i dokumentacja,V11.1.4,"Zweryfikuj, że utrzymywany jest inwentarz kryptograficzny. Musi on obejmować udokumentowany plan określający ścieżkę migracji do nowych standardów kryptograficznych, takich jak kryptografia postkwantowa, aby móc reagować na przyszłe zagrożenia.",,,✓,,
V11,Kryptografia,V11.2,Bezpieczna implementacja kryptografii,V11.2.1,"Zweryfikuj, że do operacji kryptograficznych używane są implementacje zweryfikowane branżowo (w tym biblioteki i implementacje akcelerowane sprzętowo).",,✓,✓,,
V11,Kryptografia,V11.2,Bezpieczna implementacja kryptografii,V11.2.2,"Zweryfikuj, że aplikacja została zaprojektowana z zachowaniem zwinności kryptograficznej (crypto agility) — tak aby algorytmy liczb losowych, szyfrowania uwierzytelnionego, MAC lub haszowania, długości kluczy, liczby rund, szyfry i tryby mogły być w dowolnym momencie rekonfigurowane, aktualizowane lub wymieniane, w celu ochrony przed złamaniami kryptograficznymi. Analogicznie musi istnieć możliwość wymiany kluczy i haseł oraz ponownego zaszyfrowania danych. Pozwoli to na płynne przejście na kryptografię postkwantową (PQC), gdy szeroko dostępne staną się wysokopewne implementacje zatwierdzonych schematów lub standardów PQC.",,✓,✓,,
V11,Kryptografia,V11.2,Bezpieczna implementacja kryptografii,V11.2.3,"Zweryfikuj, że wszystkie prymitywy kryptograficzne zapewniają co najmniej 128 bitów bezpieczeństwa, biorąc pod uwagę algorytm, rozmiar klucza i konfigurację. Na przykład 256-bitowy klucz ECC zapewnia około 128 bitów bezpieczeństwa, podczas gdy RSA wymaga klucza 3072-bitowego, aby osiągnąć 128 bitów bezpieczeństwa.",,✓,✓,,
V11,Kryptografia,V11.2,Bezpieczna implementacja kryptografii,V11.2.4,"Zweryfikuj, że wszystkie operacje kryptograficzne są wykonywane w czasie stałym, bez operacji „skracających” (short-circuit) w porównaniach, obliczeniach i zwracanych wartościach, aby uniknąć wycieku informacji.",,,✓,,
V11,Kryptografia,V11.2,Bezpieczna implementacja kryptografii,V11.2.5,"Zweryfikuj, że wszystkie moduły kryptograficzne zawodzą w sposób bezpieczny, a błędy są obsługiwane tak, aby nie umożliwiały podatności, takich jak ataki Padding Oracle.",,,✓,,
V11,Kryptografia,V11.3,Algorytmy szyfrowania,V11.3.1,"Zweryfikuj, że nie są używane niebezpieczne tryby blokowe (np. ECB) ani słabe schematy dopełnienia (np. PKCS#1 v1.5).",✓,✓,✓,,
V11,Kryptografia,V11.3,Algorytmy szyfrowania,V11.3.2,"Zweryfikuj, że używane są wyłącznie zatwierdzone szyfry i tryby, takie jak AES z GCM.",✓,✓,✓,,
V11,Kryptografia,V11.3,Algorytmy szyfrowania,V11.3.3,"Zweryfikuj, że zaszyfrowane dane są chronione przed nieautoryzowaną modyfikacją — najlepiej z użyciem zatwierdzonej metody szyfrowania uwierzytelnionego albo poprzez połączenie zatwierdzonej metody szyfrowania z zatwierdzonym algorytmem MAC.",,✓,✓,,
V11,Kryptografia,V11.3,Algorytmy szyfrowania,V11.3.4,"Zweryfikuj, że wartości nonce, wektory inicjujące i inne liczby jednorazowe nie są używane dla więcej niż jednej pary klucz szyfrujący–element danych. Metoda ich generowania musi być odpowiednia dla stosowanego algorytmu.",,,✓,,
V11,Kryptografia,V11.3,Algorytmy szyfrowania,V11.3.5,"Zweryfikuj, że każda kombinacja algorytmu szyfrowania i algorytmu MAC działa w trybie encrypt-then-MAC.",,,✓,,
V11,Kryptografia,V11.4,Haszowanie i funkcje oparte na skrótach,V11.4.1,"Zweryfikuj, że dla ogólnych kryptograficznych przypadków użycia — w tym podpisów cyfrowych, HMAC, KDF i generowania losowych bitów — używane są wyłącznie zatwierdzone funkcje skrótu. Niedozwolone funkcje skrótu, takie jak MD5, nie mogą być używane do żadnych celów kryptograficznych.",✓,✓,✓,,
V11,Kryptografia,V11.4,Haszowanie i funkcje oparte na skrótach,V11.4.2,"Zweryfikuj, że hasła są przechowywane z użyciem zatwierdzonej, wymagającej obliczeniowo funkcji wyprowadzania klucza (znanej też jako „funkcja haszowania haseł”), z parametrami skonfigurowanymi zgodnie z aktualnymi wytycznymi. Ustawienia powinny równoważyć bezpieczeństwo i wydajność tak, aby ataki siłowe były wystarczająco trudne dla wymaganego poziomu bezpieczeństwa.",,✓,✓,,
V11,Kryptografia,V11.4,Haszowanie i funkcje oparte na skrótach,V11.4.3,"Zweryfikuj, że funkcje skrótu używane w podpisach cyfrowych, jako element uwierzytelniania danych lub ich integralności, są odporne na kolizje i mają odpowiednie długości bitowe. Jeśli wymagana jest odporność na kolizje, długość wyjścia musi wynosić co najmniej 256 bitów. Jeśli wymagana jest wyłącznie odporność na ataki drugiego przeciwobrazu (second pre-image), długość wyjścia musi wynosić co najmniej 128 bitów.",,✓,✓,,
V11,Kryptografia,V11.4,Haszowanie i funkcje oparte na skrótach,V11.4.4,"Zweryfikuj, że aplikacja używa zatwierdzonych funkcji wyprowadzania klucza z parametrami rozciągania klucza (key stretching) przy wyprowadzaniu kluczy tajnych z haseł. Stosowane parametry muszą równoważyć bezpieczeństwo i wydajność, aby ataki siłowe nie mogły skompromitować wynikowego klucza kryptograficznego.",,✓,✓,,
V11,Kryptografia,V11.5,Wartości losowe,V11.5.1,"Zweryfikuj, że wszystkie liczby losowe i ciągi znaków, które mają być nieodgadywalne, są generowane przy użyciu kryptograficznie bezpiecznego generatora liczb pseudolosowych (CSPRNG) i mają entropię co najmniej 128 bitów. Zwróć uwagę, że UUID-y nie spełniają tego warunku.",,✓,✓,,
V11,Kryptografia,V11.5,Wartości losowe,V11.5.2,"Zweryfikuj, że stosowany mechanizm generowania liczb losowych został zaprojektowany do bezpiecznego działania nawet pod dużym obciążeniem.",,,✓,,
V11,Kryptografia,V11.6,Kryptografia klucza publicznego,V11.6.1,"Zweryfikuj, że do generowania kluczy i zasilania generatora (seeding) oraz do generowania i weryfikacji podpisów cyfrowych używane są wyłącznie zatwierdzone algorytmy kryptograficzne i tryby działania. Algorytmy generowania kluczy nie mogą generować kluczy niebezpiecznych, podatnych na znane ataki — na przykład kluczy RSA podatnych na faktoryzację Fermata.",,✓,✓,,
V11,Kryptografia,V11.6,Kryptografia klucza publicznego,V11.6.2,"Zweryfikuj, że do wymiany kluczy używane są zatwierdzone algorytmy kryptograficzne (takie jak Diffie-Hellman), ze szczególnym naciskiem na to, aby mechanizmy wymiany kluczy używały bezpiecznych parametrów. Zapobiegnie to atakom na proces ustanawiania klucza, które mogłyby prowadzić do ataków typu adversary-in-the-middle lub złamań kryptograficznych.",,,✓,,
V11,Kryptografia,V11.7,Kryptografia danych w użyciu,V11.7.1,"Zweryfikuj, że stosowane jest pełne szyfrowanie pamięci, chroniące dane wrażliwe w trakcie użycia i uniemożliwiające dostęp nieuprawnionym użytkownikom lub procesom.",,,✓,,
V11,Kryptografia,V11.7,Kryptografia danych w użyciu,V11.7.2,"Zweryfikuj, że minimalizacja danych zapewnia, iż podczas przetwarzania eksponowana jest minimalna ilość danych, oraz upewnij się, że dane są szyfrowane natychmiast po użyciu lub najszybciej, jak to wykonalne.",,,✓,,
V12,Bezpieczna komunikacja,V12.1,Ogólne wytyczne bezpieczeństwa TLS,V12.1.1,"Zweryfikuj, że włączone są wyłącznie najnowsze zalecane wersje protokołu TLS, takie jak TLS 1.2 i TLS 1.3. Najnowsza wersja protokołu TLS musi być opcją preferowaną.",✓,✓,✓,,
V12,Bezpieczna komunikacja,V12.1,Ogólne wytyczne bezpieczeństwa TLS,V12.1.2,"Zweryfikuj, że włączone są wyłącznie zalecane zestawy szyfrów (cipher suites), z najsilniejszymi zestawami ustawionymi jako preferowane. Aplikacje L3 mogą wspierać wyłącznie zestawy szyfrów zapewniające utajnianie z wyprzedzeniem (forward secrecy).",,✓,✓,,
V12,Bezpieczna komunikacja,V12.1,Ogólne wytyczne bezpieczeństwa TLS,V12.1.3,"Zweryfikuj, że aplikacja waliduje, iż certyfikaty klienckie mTLS są zaufane, zanim użyje tożsamości z certyfikatu do uwierzytelniania lub autoryzacji.",,✓,✓,,
V12,Bezpieczna komunikacja,V12.1,Ogólne wytyczne bezpieczeństwa TLS,V12.1.4,"Zweryfikuj, że włączone i skonfigurowane jest właściwe odwoływanie certyfikatów, takie jak Online Certificate Status Protocol (OCSP) Stapling.",,,✓,,
V12,Bezpieczna komunikacja,V12.1,Ogólne wytyczne bezpieczeństwa TLS,V12.1.5,"Zweryfikuj, że w ustawieniach TLS aplikacji włączone jest Encrypted Client Hello (ECH), aby zapobiec ujawnieniu wrażliwych metadanych, takich jak Server Name Indication (SNI), podczas procesu uzgadniania TLS.",,,✓,,
V12,Bezpieczna komunikacja,V12.2,Komunikacja HTTPS z usługami skierowanymi na zewnątrz,V12.2.1,"Zweryfikuj, że TLS jest używany dla całej łączności między klientem a skierowanymi na zewnątrz usługami opartymi na HTTP i nie następuje powrót do komunikacji niebezpiecznej lub nieszyfrowanej.",✓,✓,✓,,
V12,Bezpieczna komunikacja,V12.2,Komunikacja HTTPS z usługami skierowanymi na zewnątrz,V12.2.2,"Zweryfikuj, że usługi skierowane na zewnątrz używają publicznie zaufanych certyfikatów TLS.",✓,✓,✓,,
V12,Bezpieczna komunikacja,V12.3,Ogólne bezpieczeństwo komunikacji między usługami,V12.3.1,"Zweryfikuj, że szyfrowany protokół, taki jak TLS, jest używany dla wszystkich połączeń przychodzących i wychodzących do i z aplikacji, w tym systemów monitorowania, narzędzi zarządzania, zdalnego dostępu i SSH, oprogramowania pośredniczącego, baz danych, mainframe'ów, systemów partnerskich lub zewnętrznych API. Serwer nie może wracać do protokołów niebezpiecznych lub nieszyfrowanych.",,✓,✓,,
V12,Bezpieczna komunikacja,V12.3,Ogólne bezpieczeństwo komunikacji między usługami,V12.3.2,"Zweryfikuj, że klienci TLS walidują otrzymane certyfikaty przed rozpoczęciem komunikacji z serwerem TLS.",,✓,✓,,
V12,Bezpieczna komunikacja,V12.3,Ogólne bezpieczeństwo komunikacji między usługami,V12.3.3,"Zweryfikuj, że TLS lub inny odpowiedni mechanizm szyfrowania transportu jest używany dla całej łączności między wewnętrznymi usługami opartymi na HTTP w ramach aplikacji i nie następuje powrót do komunikacji niebezpiecznej lub nieszyfrowanej.",,✓,✓,,
V12,Bezpieczna komunikacja,V12.3,Ogólne bezpieczeństwo komunikacji między usługami,V12.3.4,"Zweryfikuj, że połączenia TLS między usługami wewnętrznymi używają zaufanych certyfikatów. Tam, gdzie stosowane są certyfikaty generowane wewnętrznie lub samopodpisane, usługa konsumująca musi być skonfigurowana tak, aby ufać wyłącznie konkretnym wewnętrznym urzędom certyfikacji (CA) i konkretnym certyfikatom samopodpisanym.",,✓,✓,,
V12,Bezpieczna komunikacja,V12.3,Ogólne bezpieczeństwo komunikacji między usługami,V12.3.5,"Zweryfikuj, że usługi komunikujące się wewnętrznie w ramach systemu (komunikacja intra-service) używają silnego uwierzytelniania, aby każdy endpoint był zweryfikowany. Muszą być stosowane silne metody uwierzytelniania, takie jak uwierzytelnianie klienta TLS, zapewniające tożsamość z użyciem infrastruktury klucza publicznego i mechanizmów odpornych na ataki powtórzeniowe. Dla architektur mikroserwisowych rozważ użycie service mesh w celu uproszczenia zarządzania certyfikatami i podniesienia poziomu bezpieczeństwa.",,,✓,,
V13,Konfiguracja,V13.1,Dokumentacja konfiguracji,V13.1.1,"Zweryfikuj, że wszystkie potrzeby komunikacyjne aplikacji są udokumentowane. Musi to obejmować usługi zewnętrzne, na których polega aplikacja, oraz przypadki, w których użytkownik końcowy może wskazać zewnętrzną lokalizację, z którą aplikacja następnie się połączy.",,✓,✓,,
V13,Konfiguracja,V13.1,Dokumentacja konfiguracji,V13.1.2,"Zweryfikuj, że dla każdej usługi, z której korzysta aplikacja, dokumentacja definiuje maksymalną liczbę równoczesnych połączeń (np. limity puli połączeń) oraz zachowanie aplikacji po osiągnięciu tego limitu, w tym wszelkie mechanizmy awaryjne lub naprawcze, aby zapobiec warunkom odmowy usługi.",,,✓,,
V13,Konfiguracja,V13.1,Dokumentacja konfiguracji,V13.1.3,"Zweryfikuj, że dokumentacja aplikacji definiuje strategie zarządzania zasobami dla każdego zewnętrznego systemu lub usługi, z których korzysta (np. bazy danych, uchwyty plików, wątki, połączenia HTTP). Powinno to obejmować procedury zwalniania zasobów, ustawienia limitów czasu, obsługę awarii oraz — tam, gdzie zaimplementowano logikę ponawiania — określenie limitów ponowień, opóźnień i algorytmów back-off. Dla synchronicznych operacji żądanie–odpowiedź HTTP powinna nakazywać krótkie limity czasu oraz wyłączenie ponowień albo ich ścisłe ograniczenie, aby zapobiec kaskadowym opóźnieniom i wyczerpaniu zasobów.",,,✓,,
V13,Konfiguracja,V13.1,Dokumentacja konfiguracji,V13.1.4,"Zweryfikuj, że dokumentacja aplikacji definiuje sekrety krytyczne dla bezpieczeństwa aplikacji oraz harmonogram ich rotacji, na podstawie modelu zagrożeń organizacji i wymagań biznesowych.",,,✓,,
V13,Konfiguracja,V13.2,Konfiguracja komunikacji backendowej,V13.2.1,"Zweryfikuj, że komunikacja między backendowymi komponentami aplikacji, które nie wspierają standardowego mechanizmu sesji użytkownika aplikacji — w tym API, oprogramowaniem pośredniczącym i warstwami danych — jest uwierzytelniana. Uwierzytelnianie musi wykorzystywać indywidualne konta usługowe, tokeny krótkoterminowe lub uwierzytelnianie oparte na certyfikatach, a nie niezmienne poświadczenia, takie jak hasła, klucze API czy konta współdzielone z dostępem uprzywilejowanym.",,✓,✓,,
V13,Konfiguracja,V13.2,Konfiguracja komunikacji backendowej,V13.2.2,"Zweryfikuj, że komunikacja między backendowymi komponentami aplikacji — w tym lokalnymi usługami lub usługami systemu operacyjnego, API, oprogramowaniem pośredniczącym i warstwami danych — odbywa się z użyciem kont o najmniejszych niezbędnych uprawnieniach.",,✓,✓,,
V13,Konfiguracja,V13.2,Konfiguracja komunikacji backendowej,V13.2.3,"Zweryfikuj, że jeśli do uwierzytelniania usługi musi być użyte poświadczenie, poświadczenie używane przez konsumenta nie jest poświadczeniem domyślnym (np. root/root lub admin/admin).",,✓,✓,,
V13,Konfiguracja,V13.2,Konfiguracja komunikacji backendowej,V13.2.4,"Zweryfikuj, że lista dozwolonych jest używana do zdefiniowania zewnętrznych zasobów lub systemów, z którymi aplikacja może się komunikować (np. dla żądań wychodzących, ładowania danych lub dostępu do plików). Lista ta może być zaimplementowana w warstwie aplikacji, na serwerze WWW, na zaporze albo jako kombinacja różnych warstw.",,✓,✓,,
V13,Konfiguracja,V13.2,Konfiguracja komunikacji backendowej,V13.2.5,"Zweryfikuj, że serwer WWW lub serwer aplikacyjny jest skonfigurowany z listą dozwolonych zasobów lub systemów, do których serwer może wysyłać żądania albo z których może ładować dane lub pliki.",,✓,✓,,
V13,Konfiguracja,V13.2,Konfiguracja komunikacji backendowej,V13.2.6,"Zweryfikuj, że tam, gdzie aplikacja łączy się z odrębnymi usługami, przestrzega udokumentowanej konfiguracji dla każdego połączenia — takiej jak maksymalna liczba połączeń równoległych, zachowanie po osiągnięciu maksymalnej dozwolonej liczby połączeń, limity czasu połączeń i strategie ponawiania.",,,✓,,
V13,Konfiguracja,V13.3,Zarządzanie sekretami,V13.3.1,"Zweryfikuj, że do bezpiecznego tworzenia, przechowywania, kontroli dostępu i niszczenia sekretów backendowych używane jest rozwiązanie do zarządzania sekretami, takie jak skarbiec kluczy (key vault). Sekrety mogą obejmować hasła, materiał klucza, integracje z bazami danych i systemami stron trzecich, klucze i ziarna tokenów opartych na czasie, inne sekrety wewnętrzne oraz klucze API. Sekrety nie mogą znajdować się w kodzie źródłowym aplikacji ani w artefaktach builda. Dla aplikacji L3 musi to być rozwiązanie wsparte sprzętowo, takie jak HSM.",,✓,✓,,
V13,Konfiguracja,V13.3,Zarządzanie sekretami,V13.3.2,"Zweryfikuj, że dostęp do zasobów sekretnych jest zgodny z zasadą najmniejszych uprawnień.",,✓,✓,,
V13,Konfiguracja,V13.3,Zarządzanie sekretami,V13.3.3,"Zweryfikuj, że wszystkie operacje kryptograficzne są wykonywane z użyciem izolowanego modułu bezpieczeństwa (takiego jak skarbiec lub sprzętowy moduł bezpieczeństwa), aby bezpiecznie zarządzać materiałem klucza i chronić go przed ekspozycją poza modułem bezpieczeństwa.",,,✓,,
V13,Konfiguracja,V13.3,Zarządzanie sekretami,V13.3.4,"Zweryfikuj, że sekrety są skonfigurowane tak, aby wygasały i podlegały rotacji zgodnie z dokumentacją aplikacji.",,,✓,,
V13,Konfiguracja,V13.4,Niezamierzony wyciek informacji,V13.4.1,"Zweryfikuj, że aplikacja jest wdrażana albo bez jakichkolwiek metadanych kontroli wersji, w tym folderów .git lub .svn, albo w sposób uniemożliwiający dostęp do tych folderów zarówno z zewnątrz, jak i samej aplikacji.",✓,✓,✓,,
V13,Konfiguracja,V13.4,Niezamierzony wyciek informacji,V13.4.2,"Zweryfikuj, że tryby debugowania są wyłączone dla wszystkich komponentów w środowiskach produkcyjnych, aby zapobiec ekspozycji funkcji debugowania i wyciekowi informacji.",,✓,✓,,
V13,Konfiguracja,V13.4,Niezamierzony wyciek informacji,V13.4.3,"Zweryfikuj, że serwery WWW nie udostępniają klientom listowania katalogów, chyba że jest to wyraźnie zamierzone.",,✓,✓,,
V13,Konfiguracja,V13.4,Niezamierzony wyciek informacji,V13.4.4,"Zweryfikuj, że metoda HTTP TRACE nie jest wspierana w środowiskach produkcyjnych, aby uniknąć potencjalnego wycieku informacji.",,✓,✓,,
V13,Konfiguracja,V13.4,Niezamierzony wyciek informacji,V13.4.5,"Zweryfikuj, że dokumentacja (np. wewnętrznych API) oraz endpointy monitorowania nie są eksponowane, chyba że jest to wyraźnie zamierzone.",,✓,✓,,
V13,Konfiguracja,V13.4,Niezamierzony wyciek informacji,V13.4.6,"Zweryfikuj, że aplikacja nie ujawnia szczegółowych informacji o wersjach komponentów backendowych.",,,✓,,
V13,Konfiguracja,V13.4,Niezamierzony wyciek informacji,V13.4.7,"Zweryfikuj, że warstwa webowa jest skonfigurowana tak, aby serwować wyłącznie pliki o określonych rozszerzeniach, aby zapobiec niezamierzonemu wyciekowi informacji, konfiguracji i kodu źródłowego.",,,✓,,
V14,Ochrona danych,V14.1,Dokumentacja ochrony danych,V14.1.1,"Zweryfikuj, że wszystkie dane wrażliwe tworzone i przetwarzane przez aplikację zostały zidentyfikowane i sklasyfikowane według poziomów ochrony. Obejmuje to dane, które są jedynie zakodowane i przez to łatwe do zdekodowania, takie jak ciągi Base64 lub jawny ładunek wewnątrz JWT. Poziomy ochrony muszą uwzględniać wszelkie regulacje i standardy ochrony danych i prywatności, z którymi aplikacja musi być zgodna.",,✓,✓,,
V14,Ochrona danych,V14.1,Dokumentacja ochrony danych,V14.1.2,"Zweryfikuj, że wszystkie poziomy ochrony danych wrażliwych mają udokumentowany zestaw wymagań ochronnych. Musi on obejmować (między innymi) wymagania dotyczące ogólnego szyfrowania, weryfikacji integralności, retencji, sposobu logowania danych, kontroli dostępu do danych wrażliwych w logach, szyfrowania na poziomie bazy danych, prywatności i stosowanych technologii wzmacniających prywatność oraz inne wymagania poufności.",,✓,✓,,
V14,Ochrona danych,V14.2,Ogólna ochrona danych,V14.2.1,"Zweryfikuj, że dane wrażliwe są wysyłane do serwera wyłącznie w treści komunikatu HTTP lub polach nagłówka, a URL i ciąg zapytania nie zawierają informacji wrażliwych, takich jak klucz API czy token sesji.",✓,✓,✓,,
V14,Ochrona danych,V14.2,Ogólna ochrona danych,V14.2.2,"Zweryfikuj, że aplikacja zapobiega buforowaniu danych wrażliwych w komponentach serwerowych, takich jak moduły równoważenia obciążenia i pamięci podręczne aplikacji, albo zapewnia, że dane są bezpiecznie usuwane po użyciu.",,✓,✓,,
V14,Ochrona danych,V14.2,Ogólna ochrona danych,V14.2.3,"Zweryfikuj, że zdefiniowane dane wrażliwe nie są wysyłane do stron niezaufanych (np. trackerów użytkowników), aby zapobiec niepożądanemu gromadzeniu danych poza kontrolą aplikacji.",,✓,✓,,
V14,Ochrona danych,V14.2,Ogólna ochrona danych,V14.2.4,"Zweryfikuj, że mechanizmy dotyczące danych wrażliwych — związane z szyfrowaniem, weryfikacją integralności, retencją, sposobem logowania danych, kontrolą dostępu do danych wrażliwych w logach, prywatnością i technologiami wzmacniającymi prywatność — są wdrożone zgodnie z dokumentacją dla poziomu ochrony konkretnych danych.",,✓,✓,,
V14,Ochrona danych,V14.2,Ogólna ochrona danych,V14.2.5,"Zweryfikuj, że mechanizmy buforowania są skonfigurowane tak, aby buforować wyłącznie odpowiedzi o oczekiwanym typie treści dla danego zasobu, niezawierające wrażliwej, dynamicznej treści. Serwer WWW powinien zwracać odpowiedź 404 lub 302 przy dostępie do nieistniejącego pliku, zamiast zwracać inny, istniejący plik. Powinno to zapobiegać atakom Web Cache Deception.",,,✓,,
V14,Ochrona danych,V14.2,Ogólna ochrona danych,V14.2.6,"Zweryfikuj, że aplikacja zwraca wyłącznie minimalny zakres danych wrażliwych wymagany dla jej funkcjonalności — na przykład zwraca tylko część cyfr numeru karty płatniczej, a nie pełny numer. Jeśli kompletne dane są wymagane, powinny być maskowane w interfejsie użytkownika, chyba że użytkownik celowo je wyświetli.",,,✓,,
V14,Ochrona danych,V14.2,Ogólna ochrona danych,V14.2.7,"Zweryfikuj, że informacje wrażliwe podlegają klasyfikacji retencji danych, zapewniającej automatyczne usuwanie danych przestarzałych lub zbędnych — według zdefiniowanego harmonogramu albo stosownie do sytuacji.",,,✓,,
V14,Ochrona danych,V14.2,Ogólna ochrona danych,V14.2.8,"Zweryfikuj, że informacje wrażliwe są usuwane z metadanych plików przesyłanych przez użytkowników, chyba że użytkownik wyraził zgodę na ich przechowywanie.",,,✓,,
V14,Ochrona danych,V14.3,Ochrona danych po stronie klienta,V14.3.1,"Zweryfikuj, że uwierzytelnione dane są czyszczone z pamięci klienta, takiej jak DOM przeglądarki, po zakończeniu działania klienta lub sesji. Pomocne może być pole nagłówka odpowiedzi HTTP 'Clear-Site-Data', ale strona kliencka powinna również potrafić samodzielnie wyczyścić dane, jeśli połączenie z serwerem jest niedostępne w chwili kończenia sesji.",✓,✓,✓,,
V14,Ochrona danych,V14.3,Ochrona danych po stronie klienta,V14.3.2,"Zweryfikuj, że aplikacja ustawia wystarczające pola nagłówka odpowiedzi HTTP zapobiegające buforowaniu (tj. Cache-Control: no-store), aby dane wrażliwe nie były buforowane w przeglądarkach.",,✓,✓,,
V14,Ochrona danych,V14.3,Ochrona danych po stronie klienta,V14.3.3,"Zweryfikuj, że dane przechowywane w pamięci przeglądarki (takiej jak localStorage, sessionStorage, IndexedDB czy ciasteczka) nie zawierają danych wrażliwych, z wyjątkiem tokenów sesji.",,✓,✓,,
V15,Bezpieczne kodowanie i architektura,V15.1,Dokumentacja bezpiecznego kodowania i architektury,V15.1.1,"Zweryfikuj, że dokumentacja aplikacji definiuje oparte na ryzyku ramy czasowe naprawy dla wersji komponentów stron trzecich z podatnościami oraz ogólnie dla aktualizacji bibliotek, aby zminimalizować ryzyko związane z tymi komponentami.",✓,✓,✓,,
V15,Bezpieczne kodowanie i architektura,V15.1,Dokumentacja bezpiecznego kodowania i architektury,V15.1.2,"Zweryfikuj, że utrzymywany jest katalog inwentaryzacyjny, taki jak software bill of materials (SBOM), obejmujący wszystkie używane biblioteki stron trzecich, w tym weryfikację, że komponenty pochodzą ze wstępnie zdefiniowanych, zaufanych i stale utrzymywanych repozytoriów.",,✓,✓,,
V15,Bezpieczne kodowanie i architektura,V15.1,Dokumentacja bezpiecznego kodowania i architektury,V15.1.3,"Zweryfikuj, że dokumentacja aplikacji identyfikuje funkcjonalność czasochłonną lub zasobożerną. Musi to obejmować sposób zapobiegania utracie dostępności wskutek nadużywania tej funkcjonalności oraz unikania sytuacji, w której budowanie odpowiedzi trwa dłużej niż limit czasu konsumenta. Potencjalne obrony mogą obejmować przetwarzanie asynchroniczne, użycie kolejek oraz ograniczanie procesów równoległych dla każdego użytkownika i każdej aplikacji.",,✓,✓,,
V15,Bezpieczne kodowanie i architektura,V15.1,Dokumentacja bezpiecznego kodowania i architektury,V15.1.4,"Zweryfikuj, że dokumentacja aplikacji wskazuje biblioteki stron trzecich uznawane za „komponenty ryzykowne”.",,,✓,,
V15,Bezpieczne kodowanie i architektura,V15.1,Dokumentacja bezpiecznego kodowania i architektury,V15.1.5,"Zweryfikuj, że dokumentacja aplikacji wskazuje części aplikacji, w których używana jest „niebezpieczna funkcjonalność”.",,,✓,,
V15,Bezpieczne kodowanie i architektura,V15.2,Architektura bezpieczeństwa i zależności,V15.2.1,"Zweryfikuj, że aplikacja zawiera wyłącznie komponenty, które nie przekroczyły udokumentowanych ram czasowych aktualizacji i naprawy.",✓,✓,✓,,
V15,Bezpieczne kodowanie i architektura,V15.2,Architektura bezpieczeństwa i zależności,V15.2.2,"Zweryfikuj, że aplikacja wdrożyła obrony przed utratą dostępności wskutek funkcjonalności czasochłonnej lub zasobożernej, zgodnie z udokumentowanymi decyzjami bezpieczeństwa i strategiami w tym zakresie.",,✓,✓,,
V15,Bezpieczne kodowanie i architektura,V15.2,Architektura bezpieczeństwa i zależności,V15.2.3,"Zweryfikuj, że środowisko produkcyjne zawiera wyłącznie funkcjonalność wymaganą do działania aplikacji i nie eksponuje zbędnej funkcjonalności, takiej jak kod testowy, przykładowe fragmenty czy funkcjonalność deweloperska.",,✓,✓,,
V15,Bezpieczne kodowanie i architektura,V15.2,Architektura bezpieczeństwa i zależności,V15.2.4,"Zweryfikuj, że komponenty stron trzecich i wszystkie ich zależności przechodnie pochodzą z oczekiwanego repozytorium — wewnętrznego lub zewnętrznego — oraz że nie istnieje ryzyko ataku dependency confusion.",,,✓,,
V15,Bezpieczne kodowanie i architektura,V15.2,Architektura bezpieczeństwa i zależności,V15.2.5,"Zweryfikuj, że aplikacja wdraża dodatkowe zabezpieczenia wokół części aplikacji udokumentowanych jako zawierające „niebezpieczną funkcjonalność” lub używające bibliotek stron trzecich uznawanych za „komponenty ryzykowne”. Może to obejmować techniki takie jak sandboxing, enkapsulacja, konteneryzacja lub izolacja na poziomie sieci, aby opóźnić i zniechęcić atakujących, którzy skompromitowali jedną część aplikacji, przed przemieszczaniem się (pivoting) w inne jej miejsca.",,,✓,,
V15,Bezpieczne kodowanie i architektura,V15.3,Kodowanie defensywne,V15.3.1,"Zweryfikuj, że aplikacja zwraca wyłącznie wymagany podzbiór pól obiektu danych. Na przykład nie powinna zwracać całego obiektu danych, ponieważ niektóre pojedyncze pola nie powinny być dostępne dla użytkowników.",✓,✓,✓,,
V15,Bezpieczne kodowanie i architektura,V15.3,Kodowanie defensywne,V15.3.2,"Zweryfikuj, że tam, gdzie backend aplikacji wykonuje wywołania do zewnętrznych URL-i, jest skonfigurowany tak, aby nie podążać za przekierowaniami, chyba że jest to funkcjonalność zamierzona.",,✓,✓,,
V15,Bezpieczne kodowanie i architektura,V15.3,Kodowanie defensywne,V15.3.3,"Zweryfikuj, że aplikacja posiada środki zaradcze chroniące przed atakami mass assignment poprzez ograniczanie dozwolonych pól dla każdego kontrolera i akcji — np. nie jest możliwe wstawienie lub aktualizacja wartości pola, które nie miało być częścią danej akcji.",,✓,✓,,
V15,Bezpieczne kodowanie i architektura,V15.3,Kodowanie defensywne,V15.3.4,"Zweryfikuj, że wszystkie komponenty proxy i oprogramowania pośredniczącego przekazują oryginalny adres IP użytkownika poprawnie, z użyciem zaufanych pól danych niepodlegających manipulacji przez użytkownika końcowego, a aplikacja i serwer WWW używają tej poprawnej wartości do logowania zdarzeń i decyzji bezpieczeństwa, takich jak ograniczanie częstotliwości żądań — mając na uwadze, że nawet oryginalny adres IP może nie być wiarygodny ze względu na dynamiczne IP, VPN-y czy zapory korporacyjne.",,✓,✓,,
V15,Bezpieczne kodowanie i architektura,V15.3,Kodowanie defensywne,V15.3.5,"Zweryfikuj, że aplikacja jawnie zapewnia, iż zmienne są właściwego typu, oraz wykonuje operacje ścisłej równości i porównania. Ma to na celu uniknięcie podatności type juggling lub type confusion, wynikających z założeń kodu aplikacji co do typu zmiennej.",,✓,✓,,
V15,Bezpieczne kodowanie i architektura,V15.3,Kodowanie defensywne,V15.3.6,"Zweryfikuj, że kod JavaScript jest pisany w sposób zapobiegający prototype pollution — na przykład z użyciem Set() lub Map() zamiast literałów obiektowych.",,✓,✓,,
V15,Bezpieczne kodowanie i architektura,V15.3,Kodowanie defensywne,V15.3.7,"Zweryfikuj, że aplikacja posiada obrony przed atakami HTTP parameter pollution, w szczególności jeśli framework aplikacji nie rozróżnia źródła parametrów żądania (ciąg zapytania, parametry treści, ciasteczka czy pola nagłówka).",,✓,✓,,
V15,Bezpieczne kodowanie i architektura,V15.4,Bezpieczna współbieżność,V15.4.1,"Zweryfikuj, że obiekty współdzielone w kodzie wielowątkowym (takie jak pamięci podręczne, pliki czy obiekty w pamięci używane przez wiele wątków) są używane w sposób bezpieczny, z zastosowaniem typów bezpiecznych wątkowo i mechanizmów synchronizacji, takich jak blokady czy semafory, aby uniknąć wyścigów i uszkodzenia danych.",,,✓,,
V15,Bezpieczne kodowanie i architektura,V15.4,Bezpieczna współbieżność,V15.4.2,"Zweryfikuj, że sprawdzenia stanu zasobu — takie jak jego istnienie czy uprawnienia — oraz zależne od nich działania są wykonywane jako pojedyncza operacja atomowa, aby zapobiec wyścigom time-of-check to time-of-use (TOCTOU). Przykłady: sprawdzenie istnienia pliku przed jego otwarciem albo weryfikacja dostępu użytkownika przed jego przyznaniem.",,,✓,,
V15,Bezpieczne kodowanie i architektura,V15.4,Bezpieczna współbieżność,V15.4.3,"Zweryfikuj, że blokady są używane konsekwentnie, aby wątki nie utykały — czy to czekając na siebie nawzajem, czy ponawiając próby w nieskończoność — oraz że logika blokowania pozostaje w kodzie odpowiedzialnym za zarządzanie zasobem, aby blokady nie mogły być nieumyślnie lub złośliwie modyfikowane przez zewnętrzne klasy lub kod.",,,✓,,
V15,Bezpieczne kodowanie i architektura,V15.4,Bezpieczna współbieżność,V15.4.4,"Zweryfikuj, że polityki alokacji zasobów zapobiegają zagłodzeniu wątków poprzez zapewnienie sprawiedliwego dostępu do zasobów — na przykład z wykorzystaniem pul wątków — pozwalając wątkom o niższym priorytecie na wykonanie w rozsądnym czasie.",,,✓,,
V16,Logowanie zdarzeń bezpieczeństwa i obsługa błędów,V16.1,Dokumentacja logowania zdarzeń bezpieczeństwa,V16.1.1,"Zweryfikuj, że istnieje inwentarz dokumentujący logowanie wykonywane na każdej warstwie stosu technologicznego aplikacji: jakie zdarzenia są logowane, formaty logów, gdzie logi są przechowywane, jak są wykorzystywane, jak kontrolowany jest do nich dostęp oraz jak długo są przechowywane.",,✓,✓,,
V16,Logowanie zdarzeń bezpieczeństwa i obsługa błędów,V16.2,Ogólne logowanie,V16.2.1,"Zweryfikuj, że każdy wpis logu zawiera niezbędne metadane (takie jak: kiedy, gdzie, kto, co), które pozwoliłyby na szczegółowe odtworzenie osi czasu w razie wystąpienia zdarzenia.",,✓,✓,,
V16,Logowanie zdarzeń bezpieczeństwa i obsługa błędów,V16.2,Ogólne logowanie,V16.2.2,"Zweryfikuj, że źródła czasu wszystkich komponentów logujących są zsynchronizowane oraz że znaczniki czasu w metadanych zdarzeń bezpieczeństwa używają UTC lub zawierają jawne przesunięcie strefy czasowej. UTC jest zalecane dla zapewnienia spójności w systemach rozproszonych i uniknięcia niejasności przy zmianach czasu letniego.",,✓,✓,,
V16,Logowanie zdarzeń bezpieczeństwa i obsługa błędów,V16.2,Ogólne logowanie,V16.2.3,"Zweryfikuj, że aplikacja zapisuje lub rozsyła logi wyłącznie do plików i usług udokumentowanych w inwentarzu logów.",,✓,✓,,
V16,Logowanie zdarzeń bezpieczeństwa i obsługa błędów,V16.2,Ogólne logowanie,V16.2.4,"Zweryfikuj, że logi mogą być odczytywane i korelowane przez używany procesor logów, najlepiej z zastosowaniem powszechnego formatu logowania.",,✓,✓,,
V16,Logowanie zdarzeń bezpieczeństwa i obsługa błędów,V16.2,Ogólne logowanie,V16.2.5,"Zweryfikuj, że przy logowaniu danych wrażliwych aplikacja egzekwuje logowanie zgodne z poziomem ochrony danych. Na przykład logowanie pewnych danych — takich jak poświadczenia czy dane płatnicze — może być niedozwolone. Inne dane, takie jak tokeny sesji, mogą być logowane wyłącznie w postaci zahaszowanej lub zamaskowanej, w całości lub częściowo.",,✓,✓,,
V16,Logowanie zdarzeń bezpieczeństwa i obsługa błędów,V16.3,Zdarzenia bezpieczeństwa,V16.3.1,"Zweryfikuj, że wszystkie operacje uwierzytelniania są logowane, łącznie z próbami udanymi i nieudanymi. Powinny być również zbierane dodatkowe metadane, takie jak typ uwierzytelniania czy użyte czynniki.",,✓,✓,,
V16,Logowanie zdarzeń bezpieczeństwa i obsługa błędów,V16.3,Zdarzenia bezpieczeństwa,V16.3.2,"Zweryfikuj, że nieudane próby autoryzacji są logowane. Dla L3 musi to obejmować logowanie wszystkich decyzji autoryzacyjnych, w tym logowanie dostępu do danych wrażliwych (bez logowania samych danych wrażliwych).",,✓,✓,,
V16,Logowanie zdarzeń bezpieczeństwa i obsługa błędów,V16.3,Zdarzenia bezpieczeństwa,V16.3.3,"Zweryfikuj, że aplikacja loguje zdarzenia bezpieczeństwa zdefiniowane w dokumentacji, a także loguje próby obejścia mechanizmów bezpieczeństwa, takich jak walidacja danych wejściowych, logika biznesowa i ochrona przed automatyzacją.",,✓,✓,,
V16,Logowanie zdarzeń bezpieczeństwa i obsługa błędów,V16.3,Zdarzenia bezpieczeństwa,V16.3.4,"Zweryfikuj, że aplikacja loguje nieoczekiwane błędy i awarie mechanizmów bezpieczeństwa, takie jak błędy TLS w backendzie.",,✓,✓,,
V16,Logowanie zdarzeń bezpieczeństwa i obsługa błędów,V16.4,Ochrona logów,V16.4.1,"Zweryfikuj, że wszystkie komponenty logujące odpowiednio kodują dane, aby zapobiec wstrzyknięciu do logów (log injection).",,✓,✓,,
V16,Logowanie zdarzeń bezpieczeństwa i obsługa błędów,V16.4,Ochrona logów,V16.4.2,"Zweryfikuj, że logi są chronione przed nieautoryzowanym dostępem i nie mogą być modyfikowane.",,✓,✓,,
V16,Logowanie zdarzeń bezpieczeństwa i obsługa błędów,V16.4,Ochrona logów,V16.4.3,"Zweryfikuj, że logi są bezpiecznie przesyłane do logicznie odseparowanego systemu do analizy, wykrywania, alarmowania i eskalacji. Celem jest zapewnienie, że w razie włamania do aplikacji logi nie zostaną skompromitowane.",,✓,✓,,
V16,Logowanie zdarzeń bezpieczeństwa i obsługa błędów,V16.5,Obsługa błędów,V16.5.1,"Zweryfikuj, że po wystąpieniu nieoczekiwanego lub wrażliwego z punktu widzenia bezpieczeństwa błędu konsumentowi zwracany jest komunikat ogólny, gwarantujący brak ekspozycji wrażliwych wewnętrznych danych systemowych, takich jak ślady stosu, zapytania, klucze tajne i tokeny.",,✓,✓,,
V16,Logowanie zdarzeń bezpieczeństwa i obsługa błędów,V16.5,Obsługa błędów,V16.5.2,"Zweryfikuj, że aplikacja kontynuuje bezpieczne działanie, gdy dostęp do zasobu zewnętrznego zawiedzie — na przykład stosując wzorce takie jak circuit breaker czy kontrolowana degradacja (graceful degradation).",,✓,✓,,
V16,Logowanie zdarzeń bezpieczeństwa i obsługa błędów,V16.5,Obsługa błędów,V16.5.3,"Zweryfikuj, że aplikacja zawodzi w sposób kontrolowany i bezpieczny, również przy wystąpieniu wyjątku, zapobiegając stanom fail-open, takim jak przetworzenie transakcji pomimo błędów logiki walidacji.",,✓,✓,,
V16,Logowanie zdarzeń bezpieczeństwa i obsługa błędów,V16.5,Obsługa błędów,V16.5.4,"Zweryfikuj, że zdefiniowana jest procedura obsługi błędów „ostatniej szansy”, przechwytująca wszystkie nieobsłużone wyjątki. Ma to zarówno zapobiec utracie szczegółów błędów, które muszą trafić do plików logów, jak i zapewnić, że błąd nie wyłączy całego procesu aplikacji, prowadząc do utraty dostępności.",,,✓,,
V17,WebRTC,V17.1,Serwer TURN,V17.1.1,"Zweryfikuj, że usługa Traversal Using Relays around NAT (TURN) zezwala na dostęp wyłącznie do adresów IP, które nie są zarezerwowane do celów specjalnych (np. sieci wewnętrzne, broadcast, loopback). Zwróć uwagę, że dotyczy to zarówno adresów IPv4, jak i IPv6.",,✓,✓,,
V17,WebRTC,V17.1,Serwer TURN,V17.1.2,"Zweryfikuj, że usługa Traversal Using Relays around NAT (TURN) nie jest podatna na wyczerpanie zasobów, gdy uprawnieni użytkownicy próbują otworzyć dużą liczbę portów na serwerze TURN.",,,✓,,
V17,WebRTC,V17.2,Media,V17.2.1,"Zweryfikuj, że klucz certyfikatu Datagram Transport Layer Security (DTLS) jest zarządzany i chroniony zgodnie z udokumentowaną polityką zarządzania kluczami kryptograficznymi.",,✓,✓,,
V17,WebRTC,V17.2,Media,V17.2.2,"Zweryfikuj, że serwer mediów jest skonfigurowany do używania i wspierania zatwierdzonych zestawów szyfrów Datagram Transport Layer Security (DTLS) oraz bezpiecznego profilu ochrony dla rozszerzenia DTLS służącego ustanawianiu kluczy dla Secure Real-time Transport Protocol (DTLS-SRTP).",,✓,✓,,
V17,WebRTC,V17.2,Media,V17.2.3,"Zweryfikuj, że uwierzytelnianie Secure Real-time Transport Protocol (SRTP) jest sprawdzane na serwerze mediów, aby zapobiec sytuacji, w której ataki wstrzyknięcia Real-time Transport Protocol (RTP) prowadzą do odmowy usługi albo wstawienia treści audio lub wideo do strumieni mediów.",,✓,✓,,
V17,WebRTC,V17.2,Media,V17.2.4,"Zweryfikuj, że serwer mediów jest w stanie kontynuować przetwarzanie przychodzącego ruchu medialnego po napotkaniu zniekształconych pakietów Secure Real-time Transport Protocol (SRTP).",,✓,✓,,
V17,WebRTC,V17.2,Media,V17.2.5,"Zweryfikuj, że serwer mediów jest w stanie kontynuować przetwarzanie przychodzącego ruchu medialnego podczas zalewu pakietami Secure Real-time Transport Protocol (SRTP) od uprawnionych użytkowników.",,,✓,,
V17,WebRTC,V17.2,Media,V17.2.6,"Zweryfikuj, że serwer mediów nie jest podatny na podatność „ClientHello” Race Condition w Datagram Transport Layer Security (DTLS) — sprawdzając, czy serwer mediów jest publicznie znany jako podatny, albo wykonując test wyścigu.",,,✓,,
V17,WebRTC,V17.2,Media,V17.2.7,"Zweryfikuj, że wszelkie mechanizmy nagrywania audio lub wideo powiązane z serwerem mediów są w stanie kontynuować przetwarzanie przychodzącego ruchu medialnego podczas zalewu pakietami Secure Real-time Transport Protocol (SRTP) od uprawnionych użytkowników.",,,✓,,
V17,WebRTC,V17.2,Media,V17.2.8,"Zweryfikuj, że certyfikat Datagram Transport Layer Security (DTLS) jest sprawdzany względem atrybutu fingerprint Session Description Protocol (SDP), z zakończeniem strumienia mediów w razie niepowodzenia sprawdzenia, aby zapewnić autentyczność strumienia mediów.",,,✓,,
V17,WebRTC,V17.3,Sygnalizacja,V17.3.1,"Zweryfikuj, że serwer sygnalizacyjny jest w stanie kontynuować przetwarzanie prawidłowych przychodzących komunikatów sygnalizacyjnych podczas ataku zalewowego. Powinno to być osiągnięte poprzez wdrożenie ograniczania częstotliwości żądań na poziomie sygnalizacji.",,✓,✓,,
V17,WebRTC,V17.3,Sygnalizacja,V17.3.2,"Zweryfikuj, że serwer sygnalizacyjny jest w stanie kontynuować przetwarzanie prawidłowych komunikatów sygnalizacyjnych po napotkaniu zniekształconego komunikatu sygnalizacyjnego, który mógłby spowodować odmowę usługi. Może to obejmować walidację danych wejściowych, bezpieczną obsługę przepełnień liczb całkowitych, zapobieganie przepełnieniom bufora oraz stosowanie innych solidnych technik obsługi błędów.",,✓,✓,,

