chapter_id,chapter_name,section_id,section_name,req_id,req_description,L
V1,Encoding dan Sanitization,V1.1,Arsitektur Encoding dan Sanitization,V1.1.1,"Verifikasi bahwa input di-decode atau di-unescape ke dalam bentuk kanonik hanya satu kali, hanya di-decode ketika data yang di-encode dalam bentuk tersebut memang diharapkan, dan hal ini dilakukan sebelum pemrosesan input lebih lanjut, misalnya tidak dilakukan setelah input validation atau sanitization.",2
V1,Encoding dan Sanitization,V1.1,Arsitektur Encoding dan Sanitization,V1.1.2,"Verifikasi bahwa aplikasi melakukan output encoding dan escaping baik sebagai langkah terakhir sebelum digunakan oleh interpreter yang dituju, atau dilakukan oleh interpreter itu sendiri.",2
V1,Encoding dan Sanitization,V1.2,Pencegahan Injection,V1.2.1,"Verifikasi bahwa output encoding untuk HTTP response, dokumen HTML, atau dokumen XML relevan dengan konteks yang dibutuhkan, seperti melakukan encoding pada karakter yang relevan untuk elemen HTML, atribut HTML, komentar HTML, CSS, atau HTTP header fields, guna menghindari perubahan pada struktur pesan atau dokumen.",1
V1,Encoding dan Sanitization,V1.2,Pencegahan Injection,V1.2.2,"Verifikasi bahwa ketika membangun URL secara dinamis, data tidak tepercaya di-encode sesuai dengan konteksnya (misalnya, URL encoding atau base64url encoding untuk parameter query atau path). Pastikan hanya protokol URL yang aman yang diizinkan (misalnya, larang javascript: atau data:).",1
V1,Encoding dan Sanitization,V1.2,Pencegahan Injection,V1.2.3,"Verifikasi bahwa output encoding atau escaping digunakan saat membangun konten JavaScript secara dinamis (termasuk JSON), guna menghindari perubahan pada struktur pesan atau dokumen (untuk menghindari JavaScript dan JSON injection).",1
V1,Encoding dan Sanitization,V1.2,Pencegahan Injection,V1.2.4,"Verifikasi bahwa pemilihan data atau query database (misalnya, SQL, HQL, NoSQL, Cypher) menggunakan parameterized queries, ORM, entity frameworks, atau dilindungi dengan cara lain dari SQL Injection dan serangan database injection lainnya. Hal ini juga relevan saat menulis stored procedures.",1
V1,Encoding dan Sanitization,V1.2,Pencegahan Injection,V1.2.5,Verifikasi bahwa aplikasi terlindungi dari OS command injection dan bahwa pemanggilan sistem operasi menggunakan parameterized OS queries atau menggunakan contextual command line output encoding.,1
V1,Encoding dan Sanitization,V1.2,Pencegahan Injection,V1.2.6,"Verifikasi bahwa aplikasi terlindungi dari kerentanan LDAP injection, atau bahwa kontrol keamanan khusus untuk mencegah LDAP injection telah diterapkan.",2
V1,Encoding dan Sanitization,V1.2,Pencegahan Injection,V1.2.7,Verifikasi bahwa aplikasi terlindungi dari serangan XPath injection dengan menggunakan query parameterization atau precompiled queries.,2
V1,Encoding dan Sanitization,V1.2,Pencegahan Injection,V1.2.8,"Verifikasi bahwa LaTeX processors dikonfigurasi secara aman (seperti tidak menggunakan flag ""--shell-escape"") dan sebuah allowlist perintah digunakan untuk mencegah serangan LaTeX injection.",2
V1,Encoding dan Sanitization,V1.2,Pencegahan Injection,V1.2.9,Verifikasi bahwa aplikasi melakukan escape terhadap karakter khusus dalam regular expressions (biasanya menggunakan backslash) untuk mencegah karakter tersebut disalahartikan sebagai metacharacters.,2
V1,Encoding dan Sanitization,V1.2,Pencegahan Injection,V1.2.10,"Verifikasi bahwa aplikasi terlindungi dari CSV and Formula Injection. Aplikasi harus mengikuti aturan escaping yang didefinisikan dalam RFC 4180 bagian 2.6 dan 2.7 saat mengekspor konten CSV. Selain itu, saat mengekspor ke CSV atau format spreadsheet lain (seperti XLS, XLSX, atau ODF), karakter khusus (termasuk '=', '+', '-', '@', '\t' (tab), dan '\0' (null character)) harus di-escape dengan tanda kutip tunggal jika muncul sebagai karakter pertama dalam nilai suatu field.",3
V1,Encoding dan Sanitization,V1.3,Sanitization,V1.3.1,Verifikasi bahwa semua input HTML tidak tepercaya dari WYSIWYG editor atau sejenisnya di-sanitize menggunakan pustaka atau fitur framework HTML sanitization yang terkenal dan aman.,1
V1,Encoding dan Sanitization,V1.3,Sanitization,V1.3.2,"Verifikasi bahwa aplikasi menghindari penggunaan eval() atau fitur dynamic code execution lainnya seperti Spring Expression Language (SpEL). Jika tidak ada alternatif lain, input pengguna yang disertakan harus di-sanitize sebelum dieksekusi.",1
V1,Encoding dan Sanitization,V1.3,Sanitization,V1.3.3,"Verifikasi bahwa data yang diteruskan ke konteks yang berpotensi berbahaya di-sanitize terlebih dahulu untuk menerapkan langkah-langkah keamanan, seperti hanya mengizinkan karakter yang aman untuk konteks tersebut dan memotong (trimming) input yang terlalu panjang.",2
V1,Encoding dan Sanitization,V1.3,Sanitization,V1.3.4,"Verifikasi bahwa konten Scalable Vector Graphics (SVG) scriptable yang disediakan pengguna divalidasi atau di-sanitize agar hanya berisi tag dan atribut (seperti untuk menggambar grafik) yang aman bagi aplikasi, misalnya, tidak mengandung script dan foreignObject.",2
V1,Encoding dan Sanitization,V1.3,Sanitization,V1.3.5,"Verifikasi bahwa aplikasi melakukan sanitize atau menonaktifkan konten scriptable atau expression template language yang disediakan pengguna, seperti Markdown, CSS atau XSL stylesheets, BBCode, atau sejenisnya.",2
V1,Encoding dan Sanitization,V1.3,Sanitization,V1.3.6,"Verifikasi bahwa aplikasi terlindungi dari serangan Server-side Request Forgery (SSRF), dengan memvalidasi data tidak tepercaya terhadap allowlist protokol, domain, path, dan port, serta melakukan sanitize terhadap karakter yang berpotensi berbahaya sebelum menggunakan data tersebut untuk memanggil layanan lain.",2
V1,Encoding dan Sanitization,V1.3,Sanitization,V1.3.7,"Verifikasi bahwa aplikasi terlindungi dari serangan template injection dengan tidak mengizinkan template dibangun berdasarkan input tidak tepercaya. Jika tidak ada alternatif lain, input tidak tepercaya yang disertakan secara dinamis selama pembuatan template harus di-sanitize atau divalidasi secara ketat.",2
V1,Encoding dan Sanitization,V1.3,Sanitization,V1.3.8,Verifikasi bahwa aplikasi melakukan sanitize secara tepat terhadap input tidak tepercaya sebelum digunakan dalam query Java Naming and Directory Interface (JNDI) dan bahwa JNDI dikonfigurasi secara aman untuk mencegah serangan JNDI injection.,2
V1,Encoding dan Sanitization,V1.3,Sanitization,V1.3.9,Verifikasi bahwa aplikasi melakukan sanitize terhadap konten sebelum dikirim ke memcache untuk mencegah serangan injection.,2
V1,Encoding dan Sanitization,V1.3,Sanitization,V1.3.10,Verifikasi bahwa format strings yang berpotensi diinterpretasikan dengan cara yang tidak terduga atau berbahaya saat digunakan telah di-sanitize sebelum diproses.,2
V1,Encoding dan Sanitization,V1.3,Sanitization,V1.3.11,Verifikasi bahwa aplikasi melakukan sanitize terhadap input pengguna sebelum diteruskan ke sistem mail untuk melindungi dari SMTP atau IMAP injection.,2
V1,Encoding dan Sanitization,V1.3,Sanitization,V1.3.12,"Verifikasi bahwa regular expressions bebas dari elemen yang menyebabkan exponential backtracking, dan pastikan input tidak tepercaya di-sanitize untuk memitigasi serangan ReDoS atau Runaway Regex.",3
V1,Encoding dan Sanitization,V1.4,"Memory, String, dan Unmanaged Code",V1.4.1,"Verifikasi bahwa aplikasi menggunakan string yang memory-safe, memory copy, dan pointer arithmetic yang lebih aman untuk mendeteksi atau mencegah stack, buffer, atau heap overflow.",2
V1,Encoding dan Sanitization,V1.4,"Memory, String, dan Unmanaged Code",V1.4.2,"Verifikasi bahwa teknik validasi sign, range, dan input digunakan untuk mencegah integer overflow.",2
V1,Encoding dan Sanitization,V1.4,"Memory, String, dan Unmanaged Code",V1.4.3,"Verifikasi bahwa memory dan resource yang dialokasikan secara dinamis dibebaskan (released), dan bahwa referensi atau pointer ke memory yang telah dibebaskan dihapus atau diatur ke null untuk mencegah dangling pointers dan kerentanan use-after-free.",2
V1,Encoding dan Sanitization,V1.5,Safe Deserialization,V1.5.1,Verifikasi bahwa aplikasi mengonfigurasi XML parser untuk menggunakan konfigurasi yang restriktif dan bahwa fitur tidak aman seperti resolving external entities dinonaktifkan untuk mencegah serangan XML eXternal Entity (XXE).,1
V1,Encoding dan Sanitization,V1.5,Safe Deserialization,V1.5.2,"Verifikasi bahwa deserialization terhadap data tidak tepercaya menerapkan penanganan input yang aman, seperti menggunakan allowlist tipe objek atau membatasi tipe objek yang didefinisikan oleh client, untuk mencegah serangan deserialization. Mekanisme deserialization yang secara eksplisit didefinisikan sebagai tidak aman tidak boleh digunakan dengan input tidak tepercaya.",2
V1,Encoding dan Sanitization,V1.5,Safe Deserialization,V1.5.3,"Verifikasi bahwa parser yang berbeda-beda digunakan dalam aplikasi untuk tipe data yang sama (misalnya, JSON parser, XML parser, URL parser), melakukan parsing dengan cara yang konsisten dan menggunakan mekanisme character encoding yang sama untuk menghindari masalah seperti kerentanan JSON Interoperability atau perbedaan perilaku URI atau file parsing yang dapat dieksploitasi dalam serangan Remote File Inclusion (RFI) atau Server-side Request Forgery (SSRF).",3
V2,Validation dan Business Logic,V2.1,Dokumentasi Validation dan Business Logic,V2.1.1,"Verifikasi bahwa dokumentasi aplikasi mendefinisikan aturan input validation untuk cara memeriksa validitas item data terhadap struktur yang diharapkan. Ini dapat berupa format data umum seperti nomor kartu kredit, alamat email, nomor telepon, atau dapat berupa format data internal.",1
V2,Validation dan Business Logic,V2.1,Dokumentasi Validation dan Business Logic,V2.1.2,"Verifikasi bahwa dokumentasi aplikasi mendefinisikan cara memvalidasi konsistensi logis dan kontekstual dari kombinasi item data, seperti memeriksa bahwa nama kelurahan/kecamatan dan kode pos saling cocok.",2
V2,Validation dan Business Logic,V2.1,Dokumentasi Validation dan Business Logic,V2.1.3,"Verifikasi bahwa ekspektasi untuk batasan dan validasi business logic didokumentasikan, baik per pengguna maupun secara global di seluruh aplikasi.",2
V2,Validation dan Business Logic,V2.2,Input Validation,V2.2.1,"Verifikasi bahwa input divalidasi untuk menegakkan ekspektasi bisnis atau fungsional terhadap input tersebut. Hal ini harus menggunakan positive validation terhadap allow list nilai, pola, dan rentang, atau berdasarkan perbandingan input dengan struktur yang diharapkan dan batasan logis sesuai aturan yang telah ditentukan sebelumnya. Untuk L1, hal ini dapat difokuskan pada input yang digunakan untuk membuat keputusan bisnis atau keamanan tertentu. Untuk L2 ke atas, hal ini harus berlaku untuk semua input.",1
V2,Validation dan Business Logic,V2.2,Input Validation,V2.2.2,"Verifikasi bahwa aplikasi dirancang untuk menegakkan input validation pada trusted service layer. Meskipun client-side validation meningkatkan usability dan harus didorong penggunaannya, hal ini tidak boleh diandalkan sebagai kontrol keamanan.",1
V2,Validation dan Business Logic,V2.2,Input Validation,V2.2.3,Verifikasi bahwa aplikasi memastikan kombinasi item data yang saling terkait masuk akal (reasonable) sesuai dengan aturan yang telah ditentukan sebelumnya.,2
V2,Validation dan Business Logic,V2.3,Keamanan Business Logic,V2.3.1,Verifikasi bahwa aplikasi hanya akan memproses alur business logic untuk pengguna yang sama sesuai urutan langkah sekuensial yang diharapkan dan tanpa melewatkan langkah apa pun.,1
V2,Validation dan Business Logic,V2.3,Keamanan Business Logic,V2.3.2,Verifikasi bahwa batasan business logic diimplementasikan sesuai dokumentasi aplikasi untuk menghindari kelemahan business logic dieksploitasi.,2
V2,Validation dan Business Logic,V2.3,Keamanan Business Logic,V2.3.3,Verifikasi bahwa transactions digunakan pada level business logic sedemikian rupa sehingga sebuah operasi business logic berhasil dilakukan secara keseluruhan atau dikembalikan (rolled back) ke keadaan benar sebelumnya.,2
V2,Validation dan Business Logic,V2.3,Keamanan Business Logic,V2.3.4,Verifikasi bahwa mekanisme locking pada level business logic digunakan untuk memastikan resource dengan kuantitas terbatas (seperti kursi teater atau slot pengiriman) tidak dapat dipesan ganda (double-booked) dengan memanipulasi logika aplikasi.,2
V2,Validation dan Business Logic,V2.3,Keamanan Business Logic,V2.3.5,"Verifikasi bahwa alur business logic yang bernilai tinggi memerlukan persetujuan multi-user (multi-user approval) untuk mencegah tindakan yang tidak sah atau tidak disengaja. Hal ini dapat mencakup, namun tidak terbatas pada, transfer uang dalam jumlah besar, persetujuan kontrak, akses ke informasi rahasia, atau safety override dalam proses manufaktur.",3
V2,Validation dan Business Logic,V2.4,Anti-automation,V2.4.1,"Verifikasi bahwa kontrol anti-automation diterapkan untuk melindungi dari pemanggilan fungsi aplikasi secara berlebihan yang dapat menyebabkan data exfiltration, pembuatan data sampah (garbage-data), habisnya quota, pelanggaran rate-limit, denial-of-service, atau penggunaan berlebihan terhadap resource yang mahal.",2
V2,Validation dan Business Logic,V2.4,Anti-automation,V2.4.2,"Verifikasi bahwa alur business logic memerlukan timing yang realistis layaknya manusia, guna mencegah pengiriman transaksi yang berlangsung terlalu cepat.",3
V3,Web Frontend Security,V3.1,Dokumentasi Web Frontend Security,V3.1.1,"Verifikasi bahwa dokumentasi aplikasi menyatakan fitur keamanan yang diharapkan didukung oleh browser yang digunakan untuk mengakses aplikasi (seperti HTTPS, HTTP Strict Transport Security (HSTS), Content Security Policy (CSP), dan mekanisme keamanan HTTP relevan lainnya). Dokumentasi tersebut juga harus mendefinisikan bagaimana aplikasi harus berperilaku jika beberapa fitur ini tidak tersedia (seperti memberi peringatan kepada pengguna atau memblokir akses).",3
V3,Web Frontend Security,V3.2,Interpretasi Konten yang Tidak Diinginkan,V3.2.1,"Verifikasi bahwa kontrol keamanan diterapkan untuk mencegah browser me-render konten atau fungsionalitas dalam HTTP responses pada konteks yang salah (misalnya, ketika sebuah API, file yang diunggah pengguna, atau resource lain diminta secara langsung). Kontrol yang mungkin dapat mencakup: tidak menyajikan konten kecuali HTTP request header fields (seperti Sec-Fetch-\*) menunjukkan bahwa itu adalah konteks yang benar, menggunakan sandbox directive pada Content-Security-Policy header field, atau menggunakan attachment disposition type pada Content-Disposition header field.",1
V3,Web Frontend Security,V3.2,Interpretasi Konten yang Tidak Diinginkan,V3.2.2,"Verifikasi bahwa konten yang dimaksudkan untuk ditampilkan sebagai teks, bukan di-render sebagai HTML, ditangani menggunakan fungsi rendering yang aman (seperti createTextNode atau textContent) untuk mencegah eksekusi konten yang tidak diinginkan seperti HTML atau JavaScript.",1
V3,Web Frontend Security,V3.2,Interpretasi Konten yang Tidak Diinginkan,V3.2.3,"Verifikasi bahwa aplikasi menghindari DOM clobbering ketika menggunakan client-side JavaScript dengan menerapkan deklarasi variabel secara eksplisit, melakukan strict type checking, menghindari penyimpanan variabel global pada objek document, dan menerapkan namespace isolation.",3
V3,Web Frontend Security,V3.3,Konfigurasi Cookie,V3.3.1,"Verifikasi bahwa cookie memiliki atribut 'Secure' yang diatur, dan jika prefix '\__Host-' tidak digunakan untuk nama cookie, maka prefix '__Secure-' harus digunakan untuk nama cookie tersebut.",1
V3,Web Frontend Security,V3.3,Konfigurasi Cookie,V3.3.2,"Verifikasi bahwa nilai atribut 'SameSite' pada setiap cookie diatur sesuai dengan tujuan cookie tersebut, untuk membatasi paparan terhadap user interface redress attacks dan browser-based request forgery attacks, yang umum dikenal sebagai cross-site request forgery (CSRF).",2
V3,Web Frontend Security,V3.3,Konfigurasi Cookie,V3.3.3,"Verifikasi bahwa cookie memiliki prefix '__Host-' untuk nama cookie, kecuali jika cookie tersebut memang dirancang secara eksplisit untuk dibagikan dengan host lain.",2
V3,Web Frontend Security,V3.3,Konfigurasi Cookie,V3.3.4,"Verifikasi bahwa jika nilai suatu cookie tidak dimaksudkan untuk dapat diakses oleh client-side scripts (seperti session token), cookie tersebut harus memiliki atribut 'HttpOnly' yang diatur dan nilai yang sama (misalnya session token) hanya boleh dikirimkan ke client melalui 'Set-Cookie' header field.",2
V3,Web Frontend Security,V3.3,Konfigurasi Cookie,V3.3.5,"Verifikasi bahwa saat aplikasi menulis sebuah cookie, panjang gabungan nama dan nilai cookie tidak melebihi 4096 byte. Cookie yang terlalu besar tidak akan disimpan oleh browser dan karenanya tidak akan dikirimkan bersama request, sehingga mencegah pengguna menggunakan fungsionalitas aplikasi yang bergantung pada cookie tersebut.",3
V3,Web Frontend Security,V3.4,Header Mekanisme Keamanan Browser,V3.4.1,"Verifikasi bahwa Strict-Transport-Security header field disertakan pada semua response untuk menegakkan kebijakan HTTP Strict Transport Security (HSTS). Sebuah maximum age minimal 1 tahun harus didefinisikan, dan untuk L2 ke atas, kebijakan tersebut juga harus berlaku untuk semua subdomain.",1
V3,Web Frontend Security,V3.4,Header Mekanisme Keamanan Browser,V3.4.2,"Verifikasi bahwa Cross-Origin Resource Sharing (CORS) Access-Control-Allow-Origin header field bernilai tetap (fixed value) yang ditentukan oleh aplikasi, atau jika nilai Origin HTTP request header field digunakan, nilai tersebut divalidasi terhadap allowlist origin tepercaya. Ketika 'Access-Control-Allow-Origin: *' perlu digunakan, verifikasi bahwa response tersebut tidak menyertakan informasi sensitif apa pun.",1
V3,Web Frontend Security,V3.4,Header Mekanisme Keamanan Browser,V3.4.3,"Verifikasi bahwa HTTP responses menyertakan Content-Security-Policy response header field yang mendefinisikan directives untuk memastikan browser hanya memuat dan menjalankan konten atau resource yang tepercaya, guna membatasi eksekusi JavaScript berbahaya. Minimal, sebuah kebijakan global harus digunakan yang mencakup directives object-src 'none' dan base-uri 'none' serta mendefinisikan allowlist atau menggunakan nonces atau hashes. Untuk aplikasi L3, sebuah kebijakan per-response dengan nonces atau hashes harus didefinisikan.",2
V3,Web Frontend Security,V3.4,Header Mekanisme Keamanan Browser,V3.4.4,"Verifikasi bahwa semua HTTP responses mengandung 'X-Content-Type-Options: nosniff' header field. Hal ini menginstruksikan browser untuk tidak menggunakan content sniffing dan MIME type guessing terhadap response tertentu, dan mewajibkan nilai Content-Type header field pada response tersebut sesuai dengan resource tujuan. Misalnya, response terhadap sebuah permintaan style hanya diterima jika Content-Type pada response tersebut adalah 'text/css'. Hal ini juga mengaktifkan penggunaan fungsionalitas Cross-Origin Read Blocking (CORB) oleh browser.",2
V3,Web Frontend Security,V3.4,Header Mekanisme Keamanan Browser,V3.4.5,"Verifikasi bahwa aplikasi mengatur sebuah referrer policy untuk mencegah kebocoran data teknis yang sensitif ke layanan pihak ketiga melalui 'Referer' HTTP request header field. Hal ini dapat dilakukan dengan menggunakan Referrer-Policy HTTP response header field atau melalui atribut elemen HTML. Data sensitif dapat mencakup data path dan query pada URL, dan untuk aplikasi internal non-publik juga termasuk hostname.",2
V3,Web Frontend Security,V3.4,Header Mekanisme Keamanan Browser,V3.4.6,"Verifikasi bahwa aplikasi web menggunakan frame-ancestors directive pada Content-Security-Policy header field untuk setiap HTTP response guna memastikan aplikasi tidak dapat di-embed secara default dan bahwa embedding resource tertentu hanya diizinkan jika diperlukan. Perlu dicatat bahwa X-Frame-Options header field, meskipun masih didukung oleh browser, sudah usang (obsolete) dan tidak boleh diandalkan.",2
V3,Web Frontend Security,V3.4,Header Mekanisme Keamanan Browser,V3.4.7,Verifikasi bahwa Content-Security-Policy header field menentukan lokasi untuk melaporkan pelanggaran (violations).,3
V3,Web Frontend Security,V3.4,Header Mekanisme Keamanan Browser,V3.4.8,"Verifikasi bahwa semua HTTP responses yang memicu rendering dokumen (seperti response dengan Content-Type text/html), menyertakan Cross‑Origin‑Opener‑Policy header field dengan directive same-origin atau directive same-origin-allow-popups sesuai kebutuhan. Hal ini mencegah serangan yang menyalahgunakan shared access terhadap Window objects, seperti tabnabbing dan frame counting.",3
V3,Web Frontend Security,V3.5,Pemisahan Origin Browser,V3.5.1,"Verifikasi bahwa, jika aplikasi tidak mengandalkan mekanisme CORS preflight untuk mencegah cross-origin requests yang tidak diizinkan menggunakan fungsionalitas sensitif, request tersebut divalidasi untuk memastikan bahwa request tersebut berasal dari aplikasi itu sendiri. Hal ini dapat dilakukan dengan menggunakan dan memvalidasi anti-forgery tokens atau mewajibkan HTTP header fields tambahan yang bukan merupakan CORS-safelisted request-header fields. Hal ini bertujuan untuk melindungi dari browser-based request forgery attacks, yang umum dikenal sebagai cross-site request forgery (CSRF).",1
V3,Web Frontend Security,V3.5,Pemisahan Origin Browser,V3.5.2,"Verifikasi bahwa, jika aplikasi mengandalkan mekanisme CORS preflight untuk mencegah penggunaan cross-origin yang tidak diizinkan terhadap fungsionalitas sensitif, tidak mungkin untuk memanggil fungsionalitas tersebut dengan request yang tidak memicu CORS-preflight request. Hal ini mungkin memerlukan pemeriksaan nilai 'Origin' dan 'Content-Type' request header fields atau menggunakan header field tambahan yang bukan merupakan CORS-safelisted header-field.",1
V3,Web Frontend Security,V3.5,Pemisahan Origin Browser,V3.5.3,"Verifikasi bahwa HTTP requests terhadap fungsionalitas sensitif menggunakan metode HTTP yang sesuai seperti POST, PUT, PATCH, atau DELETE, dan bukan metode yang didefinisikan oleh spesifikasi HTTP sebagai ""safe"" seperti HEAD, OPTIONS, atau GET. Sebagai alternatif, validasi ketat terhadap Sec-Fetch-* request header fields dapat digunakan untuk memastikan bahwa request tidak berasal dari pemanggilan cross-origin yang tidak sesuai, navigation request, atau resource load (seperti image source) yang seharusnya tidak diharapkan.",1
V3,Web Frontend Security,V3.5,Pemisahan Origin Browser,V3.5.4,"Verifikasi bahwa aplikasi yang terpisah di-hosting pada hostname yang berbeda untuk memanfaatkan pembatasan yang disediakan oleh same-origin policy, termasuk bagaimana dokumen atau script yang dimuat oleh satu origin dapat berinteraksi dengan resource dari origin dan hostname lain serta pembatasan cookie berbasis hostname.",2
V3,Web Frontend Security,V3.5,Pemisahan Origin Browser,V3.5.5,"Verifikasi bahwa pesan yang diterima oleh interface postMessage dibuang (discarded) jika origin dari pesan tersebut tidak tepercaya, atau jika sintaks pesan tersebut tidak valid.",2
V3,Web Frontend Security,V3.5,Pemisahan Origin Browser,V3.5.6,Verifikasi bahwa fungsionalitas JSONP tidak diaktifkan di bagian mana pun dalam aplikasi untuk menghindari serangan Cross-Site Script Inclusion (XSSI).,3
V3,Web Frontend Security,V3.5,Pemisahan Origin Browser,V3.5.7,"Verifikasi bahwa data yang memerlukan otorisasi tidak disertakan dalam response resource script, seperti file JavaScript, untuk mencegah serangan Cross-Site Script Inclusion (XSSI).",3
V3,Web Frontend Security,V3.5,Pemisahan Origin Browser,V3.5.8,"Verifikasi bahwa resource yang memerlukan autentikasi (seperti gambar, video, script, dan dokumen lainnya) hanya dapat dimuat atau di-embed atas nama pengguna ketika memang dimaksudkan demikian. Hal ini dapat dicapai dengan validasi ketat terhadap Sec-Fetch-* HTTP request header fields untuk memastikan bahwa request tidak berasal dari pemanggilan cross-origin yang tidak sesuai, atau dengan mengatur Cross-Origin-Resource-Policy HTTP response header field yang bersifat restriktif untuk menginstruksikan browser memblokir konten yang dikembalikan.",3
V3,Web Frontend Security,V3.6,Integritas Resource Eksternal,V3.6.1,"Verifikasi bahwa client-side assets, seperti pustaka JavaScript, CSS, atau web fonts, hanya di-hosting secara eksternal (misalnya, pada sebuah Content Delivery Network) jika resource tersebut bersifat statis dan memiliki versi (versioned) serta Subresource Integrity (SRI) digunakan untuk memvalidasi integritas asset tersebut. Jika hal ini tidak memungkinkan, harus ada keputusan keamanan yang terdokumentasi untuk menjustifikasi hal tersebut pada setiap resource.",3
V3,Web Frontend Security,V3.7,Pertimbangan Keamanan Browser Lainnya,V3.7.1,"Verifikasi bahwa aplikasi hanya menggunakan teknologi client-side yang masih didukung dan dianggap aman. Contoh teknologi yang tidak memenuhi persyaratan ini antara lain NSAPI plugins, Flash, Shockwave, ActiveX, Silverlight, NACL, atau client-side Java applets.",2
V3,Web Frontend Security,V3.7,Pertimbangan Keamanan Browser Lainnya,V3.7.2,Verifikasi bahwa aplikasi hanya akan secara otomatis mengarahkan (redirect) pengguna ke hostname atau domain yang berbeda (yang tidak dikendalikan oleh aplikasi) apabila tujuan tersebut terdapat pada sebuah allowlist.,2
V3,Web Frontend Security,V3.7,Pertimbangan Keamanan Browser Lainnya,V3.7.3,"Verifikasi bahwa aplikasi menampilkan notifikasi ketika pengguna diarahkan (redirect) ke URL di luar kendali aplikasi, dengan opsi untuk membatalkan navigasi tersebut.",3
V3,Web Frontend Security,V3.7,Pertimbangan Keamanan Browser Lainnya,V3.7.4,"Verifikasi bahwa top-level domain aplikasi (misalnya, site.tld) ditambahkan ke public preload list untuk HTTP Strict Transport Security (HSTS). Hal ini memastikan bahwa penggunaan TLS untuk aplikasi tertanam langsung pada browser-browser utama, alih-alih hanya mengandalkan Strict-Transport-Security response header field.",3
V3,Web Frontend Security,V3.7,Pertimbangan Keamanan Browser Lainnya,V3.7.5,Verifikasi bahwa aplikasi berperilaku sesuai dengan yang didokumentasikan (seperti memberi peringatan kepada pengguna atau memblokir akses) jika browser yang digunakan untuk mengakses aplikasi tidak mendukung fitur keamanan yang diharapkan.,3
V4,API dan Web Service,V4.1,Keamanan Web Service Umum,V4.1.1,"Verifikasi bahwa setiap HTTP response dengan message body memiliki Content-Type header field yang sesuai dengan konten sebenarnya dari response tersebut, termasuk parameter charset untuk menentukan character encoding yang aman (misalnya, UTF-8, ISO-8859-1) sesuai dengan IANA Media Types, seperti ""text/"", ""/+xml"" dan ""/xml"".",1
V4,API dan Web Service,V4.1,Keamanan Web Service Umum,V4.1.2,"Verifikasi bahwa hanya endpoint yang menghadap pengguna (user-facing, dimaksudkan untuk akses manual melalui web browser) yang secara otomatis melakukan redirect dari HTTP ke HTTPS, sedangkan layanan atau endpoint lainnya tidak menerapkan transparent redirects. Hal ini untuk menghindari situasi di mana client secara keliru mengirimkan HTTP request yang tidak terenkripsi, namun karena request tersebut secara otomatis diarahkan ke HTTPS, kebocoran data sensitif menjadi tidak terdeteksi.",2
V4,API dan Web Service,V4.1,Keamanan Web Service Umum,V4.1.3,"Verifikasi bahwa HTTP header field apa pun yang digunakan oleh aplikasi dan diatur oleh lapisan perantara (intermediary layer), seperti load balancer, web proxy, atau layanan backend-for-frontend, tidak dapat di-override oleh pengguna akhir. Contoh header dapat mencakup X-Real-IP, X-Forwarded-*, atau X-User-ID.",2
V4,API dan Web Service,V4.1,Keamanan Web Service Umum,V4.1.4,Verifikasi bahwa hanya metode HTTP yang secara eksplisit didukung oleh aplikasi atau API-nya (termasuk OPTIONS selama preflight requests) yang dapat digunakan dan metode yang tidak digunakan diblokir.,3
V4,API dan Web Service,V4.1,Keamanan Web Service Umum,V4.1.5,Verifikasi bahwa per-message digital signatures digunakan untuk memberikan jaminan tambahan di atas perlindungan transport untuk request atau transaksi yang sangat sensitif atau yang melintasi sejumlah sistem.,3
V4,API dan Web Service,V4.2,Validasi Struktur Pesan HTTP,V4.2.1,"Verifikasi bahwa semua komponen aplikasi (termasuk load balancer, firewall, dan application server) menentukan batasan pesan HTTP yang masuk menggunakan mekanisme yang sesuai untuk versi HTTP tersebut guna mencegah HTTP request smuggling. Pada HTTP/1.x, jika sebuah Transfer-Encoding header field ada, Content-Length header harus diabaikan sesuai RFC 2616. Saat menggunakan HTTP/2 atau HTTP/3, jika sebuah Content-Length header field ada, penerima harus memastikan bahwa nilai tersebut konsisten dengan panjang DATA frames.",2
V4,API dan Web Service,V4.2,Validasi Struktur Pesan HTTP,V4.2.2,"Verifikasi bahwa saat membuat pesan HTTP, Content-Length header field tidak bertentangan dengan panjang konten sebagaimana ditentukan oleh framing protokol HTTP, guna mencegah serangan request smuggling.",3
V4,API dan Web Service,V4.2,Validasi Struktur Pesan HTTP,V4.2.3,Verifikasi bahwa aplikasi tidak mengirim maupun menerima pesan HTTP/2 atau HTTP/3 dengan connection-specific header fields seperti Transfer-Encoding guna mencegah serangan response splitting dan header injection.,3
V4,API dan Web Service,V4.2,Validasi Struktur Pesan HTTP,V4.2.4,"Verifikasi bahwa aplikasi hanya menerima request HTTP/2 dan HTTP/3 yang header fields dan nilainya tidak mengandung urutan CR (\r), LF (\n), atau CRLF (\r\n), guna mencegah serangan header injection.",3
V4,API dan Web Service,V4.2,Validasi Struktur Pesan HTTP,V4.2.5,"Verifikasi bahwa, jika aplikasi (backend atau frontend) membangun dan mengirim request, aplikasi tersebut menggunakan validation, sanitization, atau mekanisme lain untuk menghindari pembuatan URI (seperti untuk pemanggilan API) atau HTTP request header fields (seperti Authorization atau Cookie) yang terlalu panjang untuk diterima oleh komponen penerima. Hal ini dapat menyebabkan denial of service, seperti saat mengirimkan request yang terlalu panjang (misalnya, cookie header field yang panjang), yang mengakibatkan server selalu merespons dengan status error.",3
V4,API dan Web Service,V4.3,GraphQL,V4.3.1,"Verifikasi bahwa query allowlist, depth limiting, amount limiting, atau query cost analysis digunakan untuk mencegah GraphQL atau data layer expression Denial of Service (DoS) akibat query yang mahal (expensive) dan bersarang (nested).",2
V4,API dan Web Service,V4.3,GraphQL,V4.3.2,"Verifikasi bahwa GraphQL introspection queries dinonaktifkan pada environment produksi, kecuali jika GraphQL API tersebut memang dimaksudkan untuk digunakan oleh pihak lain.",2
V4,API dan Web Service,V4.4,WebSocket,V4.4.1,Verifikasi bahwa WebSocket over TLS (WSS) digunakan untuk semua koneksi WebSocket.,1
V4,API dan Web Service,V4.4,WebSocket,V4.4.2,"Verifikasi bahwa, selama initial HTTP WebSocket handshake, Origin header field diperiksa terhadap daftar origin yang diizinkan untuk aplikasi tersebut.",2
V4,API dan Web Service,V4.4,WebSocket,V4.4.3,"Verifikasi bahwa, jika session management standar aplikasi tidak dapat digunakan, token khusus (dedicated tokens) digunakan untuk hal ini, yang sesuai dengan persyaratan keamanan Session Management yang relevan.",2
V4,API dan Web Service,V4.4,WebSocket,V4.4.4,"Verifikasi bahwa token session management WebSocket khusus pada awalnya diperoleh atau divalidasi melalui sesi HTTPS yang telah terautentikasi sebelumnya, saat mengalihkan sesi HTTPS yang ada ke saluran WebSocket.",2
V5,File Handling,V5.1,Dokumentasi Penanganan File,V5.1.1,"Verifikasi bahwa dokumentasi mendefinisikan jenis file yang diizinkan, ekstensi file yang diharapkan, dan ukuran maksimum (termasuk ukuran setelah unpacked) untuk setiap fitur upload. Selain itu, pastikan dokumentasi tersebut menentukan bagaimana file dibuat aman bagi pengguna akhir untuk diunduh dan diproses, seperti bagaimana perilaku aplikasi ketika sebuah file berbahaya terdeteksi.",2
V5,File Handling,V5.2,Upload File dan Konten,V5.2.1,Verifikasi bahwa aplikasi hanya akan menerima file dengan ukuran yang dapat diproses tanpa menyebabkan penurunan performa atau serangan denial of service.,1
V5,File Handling,V5.2,Upload File dan Konten,V5.2.2,"Verifikasi bahwa saat aplikasi menerima sebuah file, baik secara mandiri maupun di dalam sebuah archive seperti file zip, aplikasi memeriksa apakah ekstensi file sesuai dengan ekstensi file yang diharapkan dan memvalidasi bahwa isi file tersebut sesuai dengan tipe yang direpresentasikan oleh ekstensi tersebut. Hal ini mencakup, namun tidak terbatas pada, pemeriksaan 'magic bytes' awal, melakukan image re-writing, dan menggunakan pustaka khusus untuk validasi konten file. Untuk L1, hal ini dapat difokuskan hanya pada file yang digunakan untuk membuat keputusan bisnis atau keamanan tertentu. Untuk L2 ke atas, hal ini harus berlaku untuk semua file yang diterima.",1
V5,File Handling,V5.2,Upload File dan Konten,V5.2.3,"Verifikasi bahwa aplikasi memeriksa file terkompresi (misalnya, zip, gz, docx, odt) terhadap ukuran maksimum yang diizinkan setelah dekompresi (uncompressed) dan terhadap jumlah maksimum file sebelum melakukan dekompresi file tersebut.",2
V5,File Handling,V5.2,Upload File dan Konten,V5.2.4,"Verifikasi bahwa kuota ukuran file dan jumlah maksimum file per pengguna diterapkan untuk memastikan bahwa satu pengguna tidak dapat memenuhi storage dengan terlalu banyak file, atau file yang berukuran sangat besar.",3
V5,File Handling,V5.2,Upload File dan Konten,V5.2.5,Verifikasi bahwa aplikasi tidak mengizinkan pengunggahan file terkompresi yang berisi symlink kecuali hal ini memang secara khusus diperlukan (dalam hal ini perlu diterapkan allowlist untuk file-file yang dapat di-symlink).,3
V5,File Handling,V5.2,Upload File dan Konten,V5.2.6,"Verifikasi bahwa aplikasi menolak gambar yang diunggah dengan ukuran pixel lebih besar dari maksimum yang diizinkan, untuk mencegah serangan pixel flood.",3
V5,File Handling,V5.3,Penyimpanan File,V5.3.1,"Verifikasi bahwa file yang diunggah atau dihasilkan dari input tidak tepercaya dan disimpan pada folder publik, tidak dieksekusi sebagai kode program server-side ketika diakses secara langsung melalui HTTP request.",1
V5,File Handling,V5.3,Penyimpanan File,V5.3.2,"Verifikasi bahwa saat aplikasi membuat file paths untuk operasi file, aplikasi menggunakan data yang dihasilkan secara internal atau data tepercaya, bukan nama file yang dikirimkan oleh pengguna; atau jika nama file atau metadata file yang dikirimkan pengguna harus digunakan, validasi dan sanitization yang ketat harus diterapkan. Hal ini bertujuan untuk melindungi dari serangan path traversal, local atau remote file inclusion (LFI, RFI), dan server-side request forgery (SSRF).",1
V5,File Handling,V5.3,Penyimpanan File,V5.3.3,"Verifikasi bahwa pemrosesan file di sisi server, seperti dekompresi file, mengabaikan informasi path yang disediakan oleh pengguna untuk mencegah kerentanan seperti zip slip.",3
V5,File Handling,V5.4,Download File,V5.4.1,"Verifikasi bahwa aplikasi memvalidasi atau mengabaikan nama file yang dikirimkan oleh pengguna, termasuk pada JSON, JSONP, atau parameter URL, dan menentukan sebuah nama file pada Content-Disposition header field dalam response.",2
V5,File Handling,V5.4,Download File,V5.4.2,"Verifikasi bahwa nama file yang disajikan (misalnya, pada HTTP response header fields atau lampiran email) di-encode atau di-sanitize (misalnya, mengikuti RFC 6266) untuk menjaga struktur dokumen dan mencegah serangan injection.",2
V5,File Handling,V5.4,Download File,V5.4.3,Verifikasi bahwa file yang diperoleh dari sumber tidak tepercaya dipindai oleh antivirus scanner untuk mencegah penyajian konten berbahaya yang telah dikenal.,2
V6,Athentication,V6.1,Dokumentasi Athentication,V6.1.1,"Pastikan bahwa dokumentasi aplikasi mendefinisikan bagaimana kontrol seperti rate limiting, anti-automation, dan adaptive response, digunakan untuk bertahan dari serangan seperti credential stuffing dan password brute force [cite: 1]. Dokumentasi harus memperjelas bagaimana kontrol ini dikonfigurasi dan mencegah penguncian akun yang berbahaya (malicious account lockout) [cite: 1].",1
V6,Athentication,V6.1,Dokumentasi Athentication,V6.1.2,"Pastikan bahwa daftar kata-kata spesifik konteks didokumentasikan untuk mencegah penggunaannya dalam password [cite: 1]. Daftar tersebut dapat mencakup permutasi nama organisasi, nama produk, pengenal sistem (system identifiers), nama sandi proyek, nama departemen atau peran, dan sejenisnya [cite: 1].",2
V6,Athentication,V6.1,Dokumentasi Athentication,V6.1.3,"Pastikan bahwa, jika aplikasi mencakup beberapa jalur Athentication, semuanya didokumentasikan bersama dengan kontrol keamanan dan kekuatan Athentication yang harus diterapkan secara konsisten di seluruh jalur tersebut [cite: 1].",2
V6,Athentication,V6.2,Keamanan Password,V6.2.1,"Pastikan bahwa password yang diatur pengguna memiliki panjang setidaknya 8 karakter, meskipun minimal 15 karakter sangat direkomendasikan [cite: 1].",1
V6,Athentication,V6.2,Keamanan Password,V6.2.2,Pastikan bahwa pengguna dapat mengubah password mereka [cite: 1].,1
V6,Athentication,V6.2,Keamanan Password,V6.2.3,Pastikan bahwa fungsionalitas perubahan password memerlukan password pengguna saat ini dan yang baru [cite: 1].,1
V6,Athentication,V6.2,Keamanan Password,V6.2.4,"Pastikan bahwa password yang dikirimkan selama pendaftaran akun atau perubahan password diperiksa terhadap sekumpulan, setidaknya, 3000 password teratas yang cocok dengan kebijakan password aplikasi, mis. panjang minimum [cite: 1].",1
V6,Athentication,V6.2,Keamanan Password,V6.2.5,"Pastikan bahwa password dari komposisi apa pun dapat digunakan, tanpa aturan yang membatasi jenis karakter yang diizinkan [cite: 1]. Tidak boleh ada persyaratan untuk jumlah minimum karakter huruf besar atau kecil, angka, atau karakter khusus [cite: 1].",1
V6,Athentication,V6.2,Keamanan Password,V6.2.6,"Pastikan bahwa kolom input password menggunakan type=password untuk menutupi (mask) entri [cite: 1]. Aplikasi dapat mengizinkan pengguna untuk sementara melihat seluruh password yang ditutupi, atau karakter terakhir yang diketik dari password [cite: 1].",1
V6,Athentication,V6.2,Keamanan Password,V6.2.7,"Pastikan bahwa fungsi ""paste"", browser password helpers, dan external password managers diizinkan [cite: 1].",1
V6,Athentication,V6.2,Keamanan Password,V6.2.8,"Pastikan bahwa aplikasi memverifikasi password pengguna persis seperti yang diterima dari pengguna, tanpa modifikasi apa pun seperti pemotongan (truncation) atau transformasi huruf (case transformation) [cite: 1].",1
V6,Athentication,V6.2,Keamanan Password,V6.2.9,Pastikan bahwa password dengan panjang setidaknya 64 karakter diizinkan [cite: 1].,2
V6,Athentication,V6.2,Keamanan Password,V6.2.10,Pastikan bahwa password pengguna tetap valid sampai diketahui telah disusupi (compromised) atau pengguna memutarnya (rotates) [cite: 1]. Aplikasi tidak boleh mensyaratkan rotasi kredensial berkala [cite: 1].,2
V6,Athentication,V6.2,Keamanan Password,V6.2.11,Pastikan bahwa daftar kata-kata spesifik konteks yang didokumentasikan digunakan untuk mencegah pembuatan password yang mudah ditebak [cite: 1].,2
V6,Athentication,V6.2,Keamanan Password,V6.2.12,Pastikan bahwa password yang dikirimkan selama pendaftaran akun atau perubahan password diperiksa terhadap sekumpulan password yang bocor (breached passwords) [cite: 1].,2
V6,Athentication,V6.3,Keamanan Athentication Umum,V6.3.1,Pastikan bahwa kontrol untuk mencegah serangan seperti credential stuffing dan password brute force diimplementasikan sesuai dengan dokumentasi keamanan aplikasi [cite: 1].,1
V6,Athentication,V6.3,Keamanan Athentication Umum,V6.3.2,"Pastikan bahwa akun pengguna default (misalnya, ""root"", ""admin"", atau ""sa"") tidak ada di dalam aplikasi atau dinonaktifkan [cite: 1].",1
V6,Athentication,V6.3,Keamanan Athentication Umum,V6.3.3,"Pastikan bahwa mekanisme multi-factor authentication (MFA) atau kombinasi mekanisme single-factor authentication harus digunakan untuk mengakses aplikasi [cite: 1]. Untuk L3, salah satu faktor harus berupa mekanisme hardware-based authentication yang memberikan ketahanan terhadap kompromi dan peniruan (impersonation resistance) terhadap serangan phishing sekaligus memverifikasi niat untuk mengAthentication dengan mewajibkan tindakan yang dimulai oleh pengguna (seperti menekan tombol pada FIDO hardware key atau ponsel) [cite: 1]. Melonggarkan salah satu pertimbangan dalam persyaratan ini memerlukan alasan yang didokumentasikan sepenuhnya dan serangkaian kontrol mitigasi yang komprehensif [cite: 1].",2
V6,Athentication,V6.3,Keamanan Athentication Umum,V6.3.4,"Pastikan bahwa, jika aplikasi mencakup beberapa jalur Athentication, tidak ada jalur yang tidak didokumentasikan dan kontrol keamanan serta kekuatan Athentication diterapkan secara konsisten [cite: 1].",2
V6,Athentication,V6.3,Keamanan Athentication Umum,V6.3.5,"Pastikan bahwa pengguna diberi tahu tentang upaya Athentication yang mencurigakan (berhasil atau tidak berhasil) [cite: 1]. Ini dapat mencakup upaya Athentication dari lokasi atau klien yang tidak biasa, Athentication yang berhasil sebagian (hanya satu dari beberapa faktor), upaya Athentication setelah periode tidak aktif yang lama, atau Athentication yang berhasil setelah beberapa upaya gagal [cite: 1].",3
V6,Athentication,V6.3,Keamanan Athentication Umum,V6.3.6,Pastikan bahwa email tidak digunakan sebagai mekanisme single-factor atau multi-factor authentication [cite: 1].,3
V6,Athentication,V6.3,Keamanan Athentication Umum,V6.3.7,"Pastikan bahwa pengguna diberi tahu setelah pembaruan detail Athentication, seperti pengaturan ulang kredensial (credential resets) atau modifikasi username atau alamat email [cite: 1].",3
V6,Athentication,V6.3,Keamanan Athentication Umum,V6.3.8,"Pastikan bahwa pengguna yang valid tidak dapat disimpulkan dari tantangan Athentication yang gagal, seperti dengan mendasarkan pada pesan kesalahan, kode respons HTTP, atau waktu respons yang berbeda [cite: 1]. Fungsionalitas pendaftaran dan lupa password (forgot password) juga harus memiliki perlindungan ini [cite: 1].",3
V6,Athentication,V6.4,Siklus Hidup dan Pemulihan Faktor Athentication,V6.4.1,"Pastikan bahwa password awal atau kode aktivasi yang dihasilkan sistem dibuat secara acak dengan aman (securely randomly generated), mengikuti kebijakan password yang ada, dan kedaluwarsa setelah periode waktu yang singkat atau setelah pertama kali digunakan [cite: 1]. Rahasia awal ini tidak boleh diizinkan menjadi password jangka panjang [cite: 1].",1
V6,Athentication,V6.4,Siklus Hidup dan Pemulihan Faktor Athentication,V6.4.2,"Pastikan bahwa petunjuk password (password hints) atau knowledge-based authentication (disebut ""pertanyaan rahasia"") tidak digunakan [cite: 1].",1
V6,Athentication,V6.4,Siklus Hidup dan Pemulihan Faktor Athentication,V6.4.3,"Pastikan bahwa proses yang aman untuk mengatur ulang password yang terlupakan diimplementasikan, yang tidak mengabaikan (bypass) mekanisme multi-factor authentication yang diaktifkan [cite: 1].",2
V6,Athentication,V6.4,Siklus Hidup dan Pemulihan Faktor Athentication,V6.4.4,"Pastikan bahwa jika suatu faktor multi-factor authentication hilang, bukti pembuktian identitas (identity proofing) dilakukan pada tingkat yang sama seperti saat pendaftaran (enrollment) [cite: 1].",2
V6,Athentication,V6.4,Siklus Hidup dan Pemulihan Faktor Athentication,V6.4.5,"Pastikan bahwa instruksi perpanjangan untuk mekanisme Athentication yang kedaluwarsa dikirim dengan waktu yang cukup untuk dilakukan sebelum mekanisme Athentication yang lama kedaluwarsa, mengatur pengingat otomatis jika perlu [cite: 1].",3
V6,Athentication,V6.4,Siklus Hidup dan Pemulihan Faktor Athentication,V6.4.6,"Pastikan bahwa pengguna administratif dapat memulai proses pengaturan ulang password untuk pengguna, tetapi ini tidak mengizinkan mereka untuk mengubah atau memilih password pengguna [cite: 1]. Hal ini mencegah situasi di mana mereka mengetahui password pengguna [cite: 1].",3
V6,Athentication,V6.5,Persyaratan Umum Multi-factor Authentication,V6.5.1,"Pastikan bahwa lookup secrets, permintaan atau kode Athentication out-of-band, dan time-based one-time passwords (TOTPs) hanya dapat berhasil digunakan sekali [cite: 1].",2
V6,Athentication,V6.5,Persyaratan Umum Multi-factor Authentication,V6.5.2,"Pastikan bahwa, saat disimpan di backend aplikasi, lookup secrets dengan entropi kurang dari 112 bit (19 karakter alfanumerik acak atau 34 digit acak) di-hash dengan algoritma hashing penyimpanan password yang disetujui yang menggabungkan salt acak 32-bit [cite: 1]. Fungsi hash standar dapat digunakan jika rahasia tersebut memiliki entropi 112 bit atau lebih [cite: 1].",2
V6,Athentication,V6.5,Persyaratan Umum Multi-factor Authentication,V6.5.3,"Pastikan bahwa lookup secrets, kode Athentication out-of-band, dan seed time-based one-time password (TOTP), dihasilkan menggunakan Cryptographically Secure Pseudorandom Number Generator (CSPRNG) untuk menghindari nilai yang dapat ditebak [cite: 1].",2
V6,Athentication,V6.5,Persyaratan Umum Multi-factor Authentication,V6.5.4,Pastikan bahwa lookup secrets dan kode Athentication out-of-band memiliki entropi minimal 20 bit (biasanya 4 karakter alfanumerik acak atau 6 digit acak sudah cukup) [cite: 1].,2
V6,Athentication,V6.5,Persyaratan Umum Multi-factor Authentication,V6.5.5,"Pastikan bahwa permintaan, kode, atau token Athentication out-of-band, serta time-based one-time passwords (TOTPs) memiliki masa pakai yang ditentukan [cite: 1]. Permintaan out-of-band harus memiliki masa pakai maksimal 10 menit dan untuk TOTP masa pakai maksimal 30 detik [cite: 1].",2
V6,Athentication,V6.5,Persyaratan Umum Multi-factor Authentication,V6.5.6,Pastikan bahwa setiap faktor Athentication (termasuk physical devices) dapat dicabut jika terjadi pencurian atau kehilangan lainnya [cite: 1].,3
V6,Athentication,V6.5,Persyaratan Umum Multi-factor Authentication,V6.5.7,Pastikan bahwa mekanisme Athentication biometrik hanya digunakan sebagai faktor sekunder (secondary factors) bersama dengan sesuatu yang Anda miliki (something you have) atau sesuatu yang Anda ketahui (something you know) [cite: 1].,3
V6,Athentication,V6.5,Persyaratan Umum Multi-factor Authentication,V6.5.8,Pastikan bahwa time-based one-time passwords (TOTPs) diperiksa berdasarkan sumber waktu dari layanan tepercaya (trusted service) dan bukan dari waktu yang tidak tepercaya atau yang disediakan klien [cite: 1].,3
V6,Athentication,V6.6,Mekanisme Athentication Out-of-Band,V6.6.1,"Pastikan bahwa mekanisme Athentication menggunakan Public Switched Telephone Network (PSTN) untuk mengirimkan One-time Passwords (OTPs) melalui telepon atau SMS hanya ditawarkan ketika nomor telepon telah divalidasi sebelumnya, metode alternatif yang lebih kuat (seperti Time based One-time Passwords) juga ditawarkan, dan layanan tersebut memberikan informasi tentang risiko keamanannya kepada pengguna [cite: 1]. Untuk aplikasi L3, telepon dan SMS tidak boleh tersedia sebagai opsi [cite: 1].",2
V6,Athentication,V6.6,Mekanisme Athentication Out-of-Band,V6.6.2,"Pastikan bahwa permintaan, kode, atau token Athentication out-of-band terikat pada permintaan Athentication asli yang menghasilkannya dan tidak dapat digunakan untuk permintaan sebelumnya atau sesudahnya [cite: 1].",2
V6,Athentication,V6.6,Mekanisme Athentication Out-of-Band,V6.6.3,Pastikan bahwa mekanisme Athentication out-of-band berbasis kode dilindungi dari serangan brute force dengan menggunakan rate limiting [cite: 1]. Pertimbangkan juga untuk menggunakan kode dengan entropi setidaknya 64 bit [cite: 1].,2
V6,Athentication,V6.6,Mekanisme Athentication Out-of-Band,V6.6.4,"Pastikan bahwa, jika push notifications digunakan untuk multi-factor authentication, rate limiting digunakan untuk mencegah serangan push bombing [cite: 1]. Pencocokan nomor (number matching) juga dapat memitigasi risiko ini [cite: 1].",3
V6,Athentication,V6.7,Mekanisme Athentication Kriptografi,V6.7.1,Pastikan bahwa sertifikat yang digunakan untuk memverifikasi asersi Athentication kriptografi disimpan dengan cara yang melindunginya dari modifikasi [cite: 1].,3
V6,Athentication,V6.7,Mekanisme Athentication Kriptografi,V6.7.2,"Pastikan bahwa challenge nonce memiliki panjang setidaknya 64 bit, dan secara statistik unik atau unik selama masa pakai perangkat kriptografi tersebut [cite: 1].",3
V6,Athentication,V6.8,Athentication dengan Identity Provider,V6.8.1,"Pastikan bahwa, jika aplikasi mendukung beberapa identity providers (IdPs), identitas pengguna tidak dapat dipalsukan (spoofed) melalui identity provider lain yang didukung (mis. dengan menggunakan user identifier yang sama) [cite: 1]. Mitigasi standar adalah aplikasi mendaftarkan dan mengidentifikasi pengguna menggunakan kombinasi IdP ID (berfungsi sebagai namespace) dan ID pengguna di IdP [cite: 1].",2
V6,Athentication,V6.8,Athentication dengan Identity Provider,V6.8.2,"Pastikan bahwa keberadaan dan integritas tanda tangan digital pada asersi Athentication (misalnya pada JWTs atau SAML assertions) selalu divalidasi, menolak setiap asersi yang tidak ditandatangani atau memiliki tanda tangan tidak valid [cite: 1].",2
V6,Athentication,V6.8,Athentication dengan Identity Provider,V6.8.3,Pastikan bahwa SAML assertions diproses secara unik dan digunakan hanya sekali dalam periode validitas untuk mencegah replay attacks [cite: 1].,2
V6,Athentication,V6.8,Athentication dengan Identity Provider,V6.8.4,"Pastikan bahwa, jika sebuah aplikasi menggunakan Identity Provider (IdP) terpisah dan mengharapkan kekuatan Athentication, metode, atau kebaruan spesifik untuk fungsi tertentu, aplikasi memverifikasi ini menggunakan informasi yang dikembalikan oleh IdP [cite: 1]. Misalnya, jika OIDC digunakan, ini mungkin dicapai dengan memvalidasi klaim ID Token seperti 'acr', 'amr', dan 'auth_time' (jika ada) [cite: 1]. Jika IdP tidak memberikan informasi ini, aplikasi harus memiliki pendekatan fallback yang didokumentasikan yang mengasumsikan bahwa mekanisme Athentication kekuatan minimum telah digunakan (misalnya, single-factor authentication menggunakan username dan password) [cite: 1].",2
V7,Session Management,V7.1,Dokumentasi Session Management,V7.1.1,"Verifikasi bahwa inactivity timeout sesi pengguna dan absolute maximum session lifetime terdokumentasi, sesuai jika dikombinasikan dengan kontrol lainnya, dan bahwa dokumentasi tersebut mencakup justifikasi untuk setiap penyimpangan dari persyaratan re-authentication pada NIST SP 800-63B.",2
V7,Session Management,V7.1,Dokumentasi Session Management,V7.1.2,Verifikasi bahwa dokumentasi mendefinisikan berapa banyak sesi paralel (concurrent) yang diizinkan untuk satu akun serta perilaku dan tindakan yang dimaksudkan ketika jumlah maksimum sesi aktif tercapai.,2
V7,Session Management,V7.1,Dokumentasi Session Management,V7.1.3,"Verifikasi bahwa semua sistem yang membuat dan mengelola sesi pengguna sebagai bagian dari ekosistem federated identity management (seperti sistem SSO) terdokumentasi beserta kontrol untuk mengoordinasikan session lifetime, terminasi, dan kondisi lain apa pun yang memerlukan re-authentication.",2
V7,Session Management,V7.2,Keamanan Dasar Session Management,V7.2.1,Verifikasi bahwa aplikasi melakukan seluruh verifikasi session token menggunakan layanan backend yang tepercaya.,1
V7,Session Management,V7.2,Keamanan Dasar Session Management,V7.2.2,"Verifikasi bahwa aplikasi menggunakan self-contained token atau reference token yang dihasilkan secara dinamis untuk session management, yaitu tidak menggunakan API secrets dan keys yang statis.",1
V7,Session Management,V7.2,Keamanan Dasar Session Management,V7.2.3,"Verifikasi bahwa jika reference token digunakan untuk merepresentasikan sesi pengguna, token tersebut bersifat unik dan dihasilkan menggunakan cryptographically secure pseudo-random number generator (CSPRNG) serta memiliki entropi minimal 128 bit.",1
V7,Session Management,V7.2,Keamanan Dasar Session Management,V7.2.4,"Verifikasi bahwa aplikasi menghasilkan session token baru pada saat autentikasi pengguna, termasuk re-authentication, dan menghentikan session token yang sedang berlaku (current).",1
V7,Session Management,V7.3,Session Timeout,V7.3.1,Verifikasi bahwa terdapat inactivity timeout sedemikian rupa sehingga re-authentication diberlakukan sesuai dengan analisis risiko dan keputusan keamanan yang terdokumentasi.,2
V7,Session Management,V7.3,Session Timeout,V7.3.2,Verifikasi bahwa terdapat absolute maximum session lifetime sedemikian rupa sehingga re-authentication diberlakukan sesuai dengan analisis risiko dan keputusan keamanan yang terdokumentasi.,2
V7,Session Management,V7.4,Terminasi Sesi,V7.4.1,"Verifikasi bahwa ketika terminasi sesi dipicu (seperti logout atau expiration), aplikasi melarang penggunaan sesi tersebut lebih lanjut. Untuk reference token atau sesi stateful, hal ini berarti melakukan invalidasi terhadap data sesi pada backend aplikasi. Aplikasi yang menggunakan self-contained token memerlukan solusi seperti mempertahankan daftar token yang telah dihentikan, melarang token yang dibuat sebelum tanggal dan waktu tertentu per pengguna, atau melakukan rotasi signing key per pengguna.",1
V7,Session Management,V7.4,Terminasi Sesi,V7.4.2,Verifikasi bahwa aplikasi menghentikan semua sesi aktif ketika sebuah akun pengguna dinonaktifkan atau dihapus (seperti seorang karyawan yang keluar dari perusahaan).,1
V7,Session Management,V7.4,Terminasi Sesi,V7.4.3,"Verifikasi bahwa aplikasi memberikan opsi untuk menghentikan semua sesi aktif lainnya setelah keberhasilan perubahan atau penghapusan faktor autentikasi apa pun (termasuk perubahan password melalui reset atau recovery dan, jika ada, pembaruan pengaturan MFA).",2
V7,Session Management,V7.4,Terminasi Sesi,V7.4.4,Verifikasi bahwa semua halaman yang memerlukan autentikasi memiliki akses yang mudah dan terlihat jelas ke fungsionalitas logout.,2
V7,Session Management,V7.4,Terminasi Sesi,V7.4.5,Verifikasi bahwa administrator aplikasi mampu menghentikan sesi aktif untuk pengguna tertentu atau untuk semua pengguna.,2
V7,Session Management,V7.5,Pertahanan Terhadap Penyalahgunaan Sesi,V7.5.1,"Verifikasi bahwa aplikasi mewajibkan re-authentication penuh sebelum mengizinkan modifikasi terhadap atribut akun yang sensitif yang dapat memengaruhi autentikasi, seperti alamat email, nomor telepon, konfigurasi MFA, atau informasi lain yang digunakan dalam account recovery.",2
V7,Session Management,V7.5,Pertahanan Terhadap Penyalahgunaan Sesi,V7.5.2,Verifikasi bahwa pengguna dapat melihat dan (setelah melakukan autentikasi ulang dengan setidaknya satu faktor) menghentikan sebagian atau seluruh sesi yang sedang aktif saat ini.,2
V7,Session Management,V7.5,Pertahanan Terhadap Penyalahgunaan Sesi,V7.5.3,Verifikasi bahwa aplikasi mewajibkan autentikasi lebih lanjut dengan setidaknya satu faktor atau verifikasi sekunder sebelum melakukan transaksi atau operasi yang sangat sensitif.,3
V7,Session Management,V7.6,Federated Re-authentication,V7.6.1,"Verifikasi bahwa session lifetime dan terminasi antara Relying Parties (RP) dan Identity Providers (IdP) berperilaku sebagaimana yang terdokumentasi, mewajibkan re-authentication sesuai kebutuhan seperti ketika waktu maksimum antar peristiwa autentikasi IdP tercapai.",2
V7,Session Management,V7.6,Federated Re-authentication,V7.6.2,"Verifikasi bahwa pembuatan sesi memerlukan persetujuan pengguna atau tindakan eksplisit, mencegah pembuatan sesi aplikasi baru tanpa interaksi pengguna.",2
V8,Authorization,V8.1,Dokumentasi Authorization,V8.1.1,Verifikasi bahwa dokumentasi authorization mendefinisikan aturan untuk membatasi akses pada level fungsi (function-level) dan akses spesifik terhadap data berdasarkan permission consumer dan atribut resource.,1
V8,Authorization,V8.1,Dokumentasi Authorization,V8.1.2,"Verifikasi bahwa dokumentasi authorization mendefinisikan aturan untuk pembatasan akses pada level field (baik untuk read maupun write) berdasarkan permission consumer dan atribut resource. Perlu dicatat bahwa aturan ini mungkin bergantung pada nilai atribut lain dari objek data terkait, seperti state atau status.",2
V8,Authorization,V8.1,Dokumentasi Authorization,V8.1.3,"Verifikasi bahwa dokumentasi aplikasi mendefinisikan atribut lingkungan dan kontekstual (termasuk namun tidak terbatas pada, waktu dalam sehari, lokasi pengguna, alamat IP, atau perangkat) yang digunakan dalam aplikasi untuk membuat keputusan keamanan, termasuk yang berkaitan dengan authentication dan authorization.",3
V8,Authorization,V8.1,Dokumentasi Authorization,V8.1.4,"Verifikasi bahwa dokumentasi authentication dan authorization mendefinisikan bagaimana faktor lingkungan dan kontekstual digunakan dalam pengambilan keputusan, selain authorization pada level fungsi, data spesifik, dan level field. Hal ini harus mencakup atribut yang dievaluasi, ambang batas (thresholds) risiko, dan tindakan yang diambil (misalnya, allow, challenge, deny, step-up authentication).",3
V8,Authorization,V8.2,Desain Authorization Umum,V8.2.1,Verifikasi bahwa aplikasi memastikan akses pada level fungsi dibatasi hanya untuk consumer dengan permission eksplisit.,1
V8,Authorization,V8.2,Desain Authorization Umum,V8.2.2,Verifikasi bahwa aplikasi memastikan akses spesifik terhadap data dibatasi hanya untuk consumer dengan permission eksplisit terhadap item data tertentu guna memitigasi insecure direct object reference (IDOR) dan broken object level authorization (BOLA).,1
V8,Authorization,V8.2,Desain Authorization Umum,V8.2.3,Verifikasi bahwa aplikasi memastikan akses pada level field dibatasi hanya untuk consumer dengan permission eksplisit terhadap field tertentu guna memitigasi broken object property level authorization (BOPLA).,2
V8,Authorization,V8.2,Desain Authorization Umum,V8.2.4,"Verifikasi bahwa kontrol keamanan adaptif berdasarkan atribut lingkungan dan kontekstual consumer (seperti waktu dalam sehari, lokasi, alamat IP, atau perangkat) diterapkan untuk keputusan authentication dan authorization, sebagaimana didefinisikan dalam dokumentasi aplikasi. Kontrol ini harus diterapkan baik ketika consumer mencoba memulai sesi baru maupun selama sesi yang sedang berlangsung.",3
V8,Authorization,V8.3,Authorization Level Operasi,V8.3.1,"Verifikasi bahwa aplikasi menegakkan aturan authorization pada trusted service layer dan tidak mengandalkan kontrol yang dapat dimanipulasi oleh consumer yang tidak tepercaya, seperti client-side JavaScript.",1
V8,Authorization,V8.3,Authorization Level Operasi,V8.3.2,"Verifikasi bahwa perubahan pada nilai yang menjadi dasar keputusan authorization diterapkan secara langsung (immediate). Jika perubahan tidak dapat diterapkan secara langsung (seperti ketika mengandalkan data pada self-contained token), harus ada kontrol mitigasi untuk memberikan peringatan ketika seorang consumer melakukan suatu tindakan pada saat mereka sudah tidak lagi berwenang untuk melakukannya, serta mengembalikan (revert) perubahan tersebut. Perlu dicatat bahwa alternatif ini tidak memitigasi kebocoran informasi (information leakage).",3
V8,Authorization,V8.3,Authorization Level Operasi,V8.3.3,"Verifikasi bahwa akses terhadap sebuah objek didasarkan pada permission dari subjek asal (originating subject, misalnya consumer), bukan pada permission dari perantara atau layanan mana pun yang bertindak atas nama mereka. Misalnya, jika seorang consumer memanggil sebuah web service menggunakan self-contained token untuk autentikasi, dan layanan tersebut kemudian meminta data dari layanan lain, layanan kedua tersebut harus menggunakan token milik consumer, bukan token machine-to-machine dari layanan pertama, untuk membuat keputusan permission.",3
V8,Authorization,V8.4,Pertimbangan Authorization Lainnya,V8.4.1,Verifikasi bahwa aplikasi multi-tenant menggunakan kontrol cross-tenant untuk memastikan operasi consumer tidak akan pernah memengaruhi tenant lain yang tidak memiliki permission untuk berinteraksi dengan mereka.,2
V8,Authorization,V8.4,Pertimbangan Authorization Lainnya,V8.4.2,"Verifikasi bahwa akses ke interface administratif menerapkan beberapa lapisan keamanan, termasuk verifikasi identitas consumer secara berkelanjutan, penilaian postur keamanan perangkat (device security posture assessment), dan analisis risiko kontekstual, guna memastikan bahwa lokasi jaringan atau endpoint tepercaya bukan satu-satunya faktor untuk authorization, meskipun faktor-faktor tersebut dapat mengurangi kemungkinan akses tidak sah.",3
V9,Self-contained Tokens,V9.1,Sumber dan Integritas Token,V9.1.1,Verifikasi bahwa self-contained token divalidasi menggunakan digital signature atau MAC-nya untuk melindungi dari manipulasi (tampering) sebelum menerima isi token tersebut.,1
V9,Self-contained Tokens,V9.1,Sumber dan Integritas Token,V9.1.2,"Verifikasi bahwa hanya algoritma yang terdapat pada allowlist yang dapat digunakan untuk membuat dan memverifikasi self-contained token, untuk konteks tertentu. Allowlist tersebut harus mencakup algoritma yang diizinkan, idealnya hanya algoritma simetris atau asimetris saja, dan tidak boleh mencakup algoritma 'None'. Jika baik algoritma simetris maupun asimetris harus didukung, kontrol tambahan diperlukan untuk mencegah key confusion.",1
V9,Self-contained Tokens,V9.1,Sumber dan Integritas Token,V9.1.3,"Verifikasi bahwa key material yang digunakan untuk memvalidasi self-contained token berasal dari sumber tepercaya yang telah dikonfigurasi sebelumnya (pre-configured) untuk token issuer tersebut, guna mencegah penyerang menentukan sumber dan key yang tidak tepercaya. Untuk JWT dan struktur JWS lainnya, header seperti 'jku', 'x5u', dan 'jwk' harus divalidasi terhadap allowlist sumber tepercaya.",1
V9,Self-contained Tokens,V9.2,Konten Token,V9.2.1,"Verifikasi bahwa, jika sebuah rentang waktu validitas (validity time span) terdapat pada data token, token dan isinya hanya diterima jika waktu verifikasi berada dalam rentang waktu validitas tersebut. Misalnya, untuk JWT, claims 'nbf' dan 'exp' harus diverifikasi.",1
V9,Self-contained Tokens,V9.2,Konten Token,V9.2.2,"Verifikasi bahwa layanan yang menerima sebuah token memvalidasi bahwa token tersebut memiliki tipe yang benar dan dimaksudkan untuk tujuan yang sesuai sebelum menerima isi token tersebut. Misalnya, hanya access token yang dapat diterima untuk keputusan authorization dan hanya ID Token yang dapat digunakan untuk membuktikan autentikasi pengguna.",2
V9,Self-contained Tokens,V9.2,Konten Token,V9.2.3,"Verifikasi bahwa layanan hanya menerima token yang dimaksudkan untuk digunakan dengan layanan tersebut (audience). Untuk JWT, hal ini dapat dicapai dengan memvalidasi claim 'aud' terhadap allowlist yang didefinisikan pada layanan tersebut.",2
V9,Self-contained Tokens,V9.2,Konten Token,V9.2.4,"Verifikasi bahwa, jika sebuah token issuer menggunakan private key yang sama untuk menerbitkan token bagi audience yang berbeda-beda, token yang diterbitkan tersebut mengandung sebuah audience restriction yang secara unik mengidentifikasi audience yang dituju. Hal ini akan mencegah sebuah token digunakan kembali dengan audience yang tidak dimaksudkan. Jika audience identifier disediakan secara dinamis (dynamically provisioned), token issuer harus memvalidasi audience tersebut guna memastikan bahwa hal ini tidak mengakibatkan audience impersonation.",2
V10,OAuth dan OIDC,V10.1,Keamanan Umum OAuth dan OIDC,V10.1.1,"Verifikasi bahwa token hanya dikirimkan ke komponen yang benar-benar memerlukannya. Misalnya, saat menggunakan pola backend-for-frontend untuk aplikasi JavaScript berbasis browser, access token dan refresh token hanya boleh dapat diakses oleh backend.",2
V10,OAuth dan OIDC,V10.1,Keamanan Umum OAuth dan OIDC,V10.1.2,"Verifikasi bahwa client hanya menerima nilai dari authorization server (seperti authorization code atau ID Token) jika nilai tersebut berasal dari sebuah authorization flow yang diinisiasi oleh user agent session dan transaksi yang sama. Hal ini mensyaratkan bahwa secret yang dihasilkan oleh client, seperti proof key for code exchange (PKCE) 'code_verifier', 'state', atau OIDC 'nonce', tidak dapat ditebak, bersifat spesifik terhadap transaksi tersebut, dan terikat secara aman baik pada client maupun pada user agent session tempat transaksi tersebut dimulai.",2
V10,OAuth dan OIDC,V10.2,OAuth Client,V10.2.1,"Verifikasi bahwa, jika code flow digunakan, OAuth client memiliki perlindungan terhadap serangan browser-based request forgery, yang umum dikenal sebagai cross-site request forgery (CSRF), yang memicu token requests, baik dengan menggunakan fungsionalitas proof key for code exchange (PKCE) atau dengan memeriksa parameter 'state' yang dikirimkan pada authorization request.",2
V10,OAuth dan OIDC,V10.2,OAuth Client,V10.2.2,"Verifikasi bahwa, jika OAuth client dapat berinteraksi dengan lebih dari satu authorization server, client tersebut memiliki pertahanan terhadap mix-up attacks. Misalnya, dapat dilakukan dengan mewajibkan authorization server mengembalikan nilai parameter 'iss' dan memvalidasinya pada authorization response dan token response.",2
V10,OAuth dan OIDC,V10.2,OAuth Client,V10.2.3,Verifikasi bahwa OAuth client hanya meminta scopes (atau parameter authorization lainnya) yang diperlukan pada request ke authorization server.,3
V10,OAuth dan OIDC,V10.3,OAuth Resource Server,V10.3.1,"Verifikasi bahwa resource server hanya menerima access token yang dimaksudkan untuk digunakan dengan layanan tersebut (audience). Audience dapat disertakan dalam access token yang terstruktur (seperti claim 'aud' pada JWT), atau dapat diperiksa menggunakan token introspection endpoint.",2
V10,OAuth dan OIDC,V10.3,OAuth Resource Server,V10.3.2,"Verifikasi bahwa resource server menegakkan keputusan authorization berdasarkan claims dari access token yang mendefinisikan delegated authorization. Jika claims seperti 'sub', 'scope', dan 'authorization_details' ada, claims tersebut harus menjadi bagian dari keputusan tersebut.",2
V10,OAuth dan OIDC,V10.3,OAuth Resource Server,V10.3.3,"Verifikasi bahwa jika sebuah keputusan access control mensyaratkan identifikasi pengguna unik dari sebuah access token (JWT atau token introspection response terkait), resource server mengidentifikasi pengguna dari claims yang tidak dapat dipindahtangankan (reassigned) ke pengguna lain. Umumnya, hal ini berarti menggunakan kombinasi claims 'iss' dan 'sub'.",2
V10,OAuth dan OIDC,V10.3,OAuth Resource Server,V10.3.4,"Verifikasi bahwa, jika resource server mensyaratkan kekuatan, metode, atau kebaruan (recentness) autentikasi tertentu, resource server tersebut memverifikasi bahwa access token yang dipresentasikan memenuhi batasan-batasan tersebut. Misalnya, jika ada, dengan menggunakan claims OIDC 'acr', 'amr', dan 'auth_time' secara berurutan.",2
V10,OAuth dan OIDC,V10.3,OAuth Resource Server,V10.3.5,"Verifikasi bahwa resource server mencegah penggunaan access token yang dicuri atau replay access token (dari pihak yang tidak berwenang) dengan mewajibkan sender-constrained access token, baik Mutual TLS untuk OAuth 2 maupun OAuth 2 Demonstration of Proof of Possession (DPoP).",3
V10,OAuth dan OIDC,V10.4,OAuth Authorization Server,V10.4.1,Verifikasi bahwa authorization server memvalidasi redirect URI berdasarkan sebuah allowlist yang spesifik terhadap client dari URI yang telah didaftarkan sebelumnya (pre-registered) menggunakan exact string comparison.,1
V10,OAuth dan OIDC,V10.4,OAuth Authorization Server,V10.4.2,"Verifikasi bahwa, jika authorization server mengembalikan authorization code pada authorization response, code tersebut hanya dapat digunakan sekali untuk sebuah token request. Untuk request kedua yang valid dengan sebuah authorization code yang telah digunakan sebelumnya untuk menerbitkan access token, authorization server harus menolak token request tersebut dan mencabut (revoke) semua token yang diterbitkan terkait dengan authorization code tersebut.",1
V10,OAuth dan OIDC,V10.4,OAuth Authorization Server,V10.4.3,Verifikasi bahwa authorization code memiliki masa berlaku yang singkat (short-lived). Masa berlaku maksimum dapat mencapai 10 menit untuk aplikasi L1 dan L2 serta hingga 1 menit untuk aplikasi L3.,1
V10,OAuth dan OIDC,V10.4,OAuth Authorization Server,V10.4.4,"Verifikasi bahwa untuk client tertentu, authorization server hanya mengizinkan penggunaan grant yang memang perlu digunakan oleh client tersebut. Perlu dicatat bahwa grant 'token' (Implicit flow) dan 'password' (Resource Owner Password Credentials flow) sudah tidak boleh digunakan lagi.",1
V10,OAuth dan OIDC,V10.4,OAuth Authorization Server,V10.4.5,"Verifikasi bahwa authorization server memitigasi serangan refresh token replay untuk public client, sebaiknya menggunakan sender-constrained refresh token, yaitu Demonstrating Proof of Possession (DPoP) atau Certificate-Bound Access Token menggunakan mutual TLS (mTLS). Untuk aplikasi L1 dan L2, refresh token rotation dapat digunakan. Jika refresh token rotation digunakan, authorization server harus melakukan invalidasi terhadap refresh token setelah digunakan, dan mencabut semua refresh token untuk authorization tersebut jika sebuah refresh token yang sudah digunakan dan tidak valid diberikan kembali.",1
V10,OAuth dan OIDC,V10.4,OAuth Authorization Server,V10.4.6,"Verifikasi bahwa, jika code grant digunakan, authorization server memitigasi serangan authorization code interception dengan mewajibkan proof key for code exchange (PKCE). Untuk authorization request, authorization server harus mewajibkan nilai 'code_challenge' yang valid dan tidak boleh menerima nilai 'code_challenge_method' 'plain'. Untuk token request, authorization server harus mewajibkan validasi parameter 'code_verifier'.",2
V10,OAuth dan OIDC,V10.4,OAuth Authorization Server,V10.4.7,"Verifikasi bahwa jika authorization server mendukung unauthenticated dynamic client registration, authorization server tersebut memitigasi risiko aplikasi client yang berbahaya. Authorization server harus memvalidasi metadata client seperti URI mana pun yang telah didaftarkan, memastikan persetujuan pengguna, dan memberikan peringatan kepada pengguna sebelum memproses sebuah authorization request dengan aplikasi client yang tidak tepercaya.",2
V10,OAuth dan OIDC,V10.4,OAuth Authorization Server,V10.4.8,"Verifikasi bahwa refresh token memiliki masa kedaluwarsa mutlak (absolute expiration), termasuk jika sliding refresh token expiration diterapkan.",2
V10,OAuth dan OIDC,V10.4,OAuth Authorization Server,V10.4.9,"Verifikasi bahwa refresh token dan reference access token dapat dicabut (revoked) oleh pengguna yang berwenang melalui user interface authorization server, guna memitigasi risiko client yang berbahaya atau token yang dicuri.",2
V10,OAuth dan OIDC,V10.4,OAuth Authorization Server,V10.4.10,"Verifikasi bahwa confidential client diautentikasi untuk client-to-authorized server backchannel requests seperti token requests, pushed authorization requests (PAR), dan token revocation requests.",2
V10,OAuth dan OIDC,V10.4,OAuth Authorization Server,V10.4.11,Verifikasi bahwa konfigurasi authorization server hanya memberikan scopes yang diperlukan kepada OAuth client.,2
V10,OAuth dan OIDC,V10.4,OAuth Authorization Server,V10.4.12,"Verifikasi bahwa untuk client tertentu, authorization server hanya mengizinkan nilai 'response_mode' yang memang perlu digunakan oleh client tersebut. Misalnya, dengan membuat authorization server memvalidasi nilai ini terhadap nilai yang diharapkan atau dengan menggunakan pushed authorization request (PAR) atau JWT-secured Authorization Request (JAR).",3
V10,OAuth dan OIDC,V10.4,OAuth Authorization Server,V10.4.13,Verifikasi bahwa grant type 'code' selalu digunakan bersama dengan pushed authorization requests (PAR).,3
V10,OAuth dan OIDC,V10.4,OAuth Authorization Server,V10.4.14,"Verifikasi bahwa authorization server hanya menerbitkan sender-constrained (Proof-of-Possession) access token, baik menggunakan certificate-bound access token dengan mutual TLS (mTLS) maupun DPoP-bound access token (Demonstration of Proof of Possession).",3
V10,OAuth dan OIDC,V10.4,OAuth Authorization Server,V10.4.15,"Verifikasi bahwa, untuk sebuah server-side client (yang tidak dieksekusi pada perangkat pengguna akhir), authorization server memastikan bahwa nilai parameter 'authorization_details' berasal dari backend client dan bahwa pengguna tidak telah memanipulasinya (tampered with). Misalnya, dengan mewajibkan penggunaan pushed authorization request (PAR) atau JWT-secured Authorization Request (JAR).",3
V10,OAuth dan OIDC,V10.4,OAuth Authorization Server,V10.4.16,"Verifikasi bahwa client bersifat confidential dan authorization server mewajibkan penggunaan metode client authentication yang kuat (berbasis kriptografi kunci publik dan tahan terhadap serangan replay), seperti mutual TLS ('tls_client_auth', 'self_signed_tls_client_auth') atau private key JWT ('private_key_jwt').",3
V10,OAuth dan OIDC,V10.5,OIDC Client,V10.5.1,"Verifikasi bahwa client (sebagai relying party) memitigasi serangan ID Token replay. Misalnya, dengan memastikan bahwa claim 'nonce' pada ID Token sesuai dengan nilai 'nonce' yang dikirimkan pada authentication request ke OpenID Provider (dalam OAuth2 disebut sebagai authorization request yang dikirimkan ke authorization server).",2
V10,OAuth dan OIDC,V10.5,OIDC Client,V10.5.2,"Verifikasi bahwa client mengidentifikasi pengguna secara unik dari claims pada ID Token, biasanya claim 'sub', yang tidak dapat dipindahtangankan (reassigned) ke pengguna lain (dalam scope sebuah identity provider).",2
V10,OAuth dan OIDC,V10.5,OIDC Client,V10.5.3,Verifikasi bahwa client menolak upaya authorization server yang berbahaya untuk menyamar sebagai authorization server lain melalui metadata authorization server. Client harus menolak metadata authorization server jika URL issuer pada metadata authorization server tersebut tidak sama persis dengan URL issuer yang telah dikonfigurasi sebelumnya (pre-configured) dan diharapkan oleh client.,2
V10,OAuth dan OIDC,V10.5,OIDC Client,V10.5.4,Verifikasi bahwa client memvalidasi bahwa ID Token memang dimaksudkan untuk digunakan oleh client tersebut (audience) dengan memeriksa bahwa claim 'aud' dari token sesuai dengan nilai 'client_id' untuk client tersebut.,2
V10,OAuth dan OIDC,V10.5,OIDC Client,V10.5.5,"Verifikasi bahwa, saat menggunakan OIDC back-channel logout, relying party memitigasi denial of service melalui forced logout dan cross-JWT confusion pada alur logout. Client harus memverifikasi bahwa logout token memiliki tipe yang benar dengan nilai 'logout+jwt', mengandung claim 'event' dengan nama member yang benar, dan tidak mengandung claim 'nonce'. Perlu dicatat bahwa juga direkomendasikan untuk memiliki masa kedaluwarsa yang singkat (misalnya, 2 menit).",2
V10,OAuth dan OIDC,V10.6,OpenID Provider,V10.6.1,"Verifikasi bahwa OpenID Provider hanya mengizinkan nilai 'code', 'ciba', 'id_token', atau 'id_token code' untuk response mode. Perlu dicatat bahwa 'code' lebih diutamakan daripada 'id_token code' (OIDC Hybrid flow), dan 'token' (Implicit flow apa pun) tidak boleh digunakan.",2
V10,OAuth dan OIDC,V10.6,OpenID Provider,V10.6.2,"Verifikasi bahwa OpenID Provider memitigasi denial of service melalui forced logout. Dengan memperoleh konfirmasi eksplisit dari pengguna akhir atau, jika ada, memvalidasi parameter pada logout request (yang diinisiasi oleh relying party), seperti 'id_token_hint'.",2
V10,OAuth dan OIDC,V10.7,Manajemen Consent,V10.7.1,"Verifikasi bahwa authorization server memastikan pengguna menyetujui (consent) setiap authorization request. Jika identitas client tidak dapat dipastikan, authorization server harus selalu secara eksplisit meminta consent kepada pengguna.",2
V10,OAuth dan OIDC,V10.7,Manajemen Consent,V10.7.2,"Verifikasi bahwa saat authorization server meminta consent pengguna, authorization server tersebut menyajikan informasi yang cukup dan jelas mengenai apa yang sedang disetujui. Jika berlaku, hal ini harus mencakup sifat dari authorization yang diminta (biasanya berdasarkan scope, resource server, detail authorization Rich Authorization Requests (RAR)), identitas aplikasi yang diberi wewenang, dan masa berlaku dari authorization tersebut.",2
V10,OAuth dan OIDC,V10.7,Manajemen Consent,V10.7.3,"Verifikasi bahwa pengguna dapat meninjau, mengubah, dan mencabut consent yang telah diberikan pengguna melalui authorization server.",2
V11,Cryptography,V11.1,Inventaris dan Dokumentasi Kriptografi,V11.1.1,"Verifikasi bahwa terdapat kebijakan terdokumentasi untuk manajemen kunci kriptografi dan sebuah siklus hidup kunci kriptografi yang mengikuti standar manajemen kunci seperti NIST SP 800-57. Hal ini harus mencakup memastikan bahwa kunci tidak dibagikan secara berlebihan (misalnya, dengan lebih dari dua entitas untuk shared secrets dan lebih dari satu entitas untuk private keys).",2
V11,Cryptography,V11.1,Inventaris dan Dokumentasi Kriptografi,V11.1.2,"Verifikasi bahwa sebuah inventaris kriptografi dilakukan, dipelihara, diperbarui secara berkala, dan mencakup semua kunci kriptografi, algoritma, serta sertifikat yang digunakan oleh aplikasi. Inventaris tersebut juga harus mendokumentasikan di mana kunci dapat dan tidak dapat digunakan dalam sistem, serta jenis data yang dapat dan tidak dapat dilindungi menggunakan kunci tersebut.",2
V11,Cryptography,V11.1,Inventaris dan Dokumentasi Kriptografi,V11.1.3,"Verifikasi bahwa mekanisme cryptographic discovery diterapkan untuk mengidentifikasi seluruh penggunaan cryptography dalam sistem, termasuk operasi enkripsi, hashing, dan signing.",3
V11,Cryptography,V11.1,Inventaris dan Dokumentasi Kriptografi,V11.1.4,"Verifikasi bahwa sebuah inventaris kriptografi dipelihara. Hal ini harus mencakup sebuah rencana terdokumentasi yang menguraikan jalur migrasi menuju standar kriptografi baru, seperti post-quantum cryptography, guna mengantisipasi ancaman di masa depan.",3
V11,Cryptography,V11.2,Implementasi Cryptography yang Aman,V11.2.1,Verifikasi bahwa implementasi yang telah tervalidasi secara industri (termasuk pustaka dan implementasi yang dipercepat oleh perangkat keras) digunakan untuk operasi kriptografi.,2
V11,Cryptography,V11.2,Implementasi Cryptography yang Aman,V11.2.2,"Verifikasi bahwa aplikasi dirancang dengan crypto agility sedemikian rupa sehingga algoritma random number, authenticated encryption, MAC, atau hashing, panjang kunci, rounds, cipher, dan mode dapat dikonfigurasi ulang, ditingkatkan (upgraded), atau diganti kapan saja, guna melindungi dari pembobolan (breaks) kriptografi. Demikian pula, harus dimungkinkan juga untuk mengganti kunci dan password serta melakukan re-enkripsi data. Hal ini akan memungkinkan peningkatan (upgrade) yang mulus menuju post-quantum cryptography (PQC), setelah implementasi dengan jaminan tinggi (high-assurance) dari skema atau standar PQC yang disetujui tersedia secara luas.",2
V11,Cryptography,V11.2,Implementasi Cryptography yang Aman,V11.2.3,"Verifikasi bahwa semua primitif kriptografi menggunakan tingkat keamanan minimal 128-bit berdasarkan algoritma, ukuran kunci, dan konfigurasi. Misalnya, sebuah kunci ECC 256-bit memberikan tingkat keamanan kira-kira 128 bit, sedangkan RSA memerlukan kunci 3072-bit untuk mencapai tingkat keamanan 128 bit.",2
V11,Cryptography,V11.2,Implementasi Cryptography yang Aman,V11.2.4,"Verifikasi bahwa semua operasi kriptografi bersifat constant-time, tanpa operasi 'short-circuit' pada perbandingan, kalkulasi, atau return, guna menghindari kebocoran informasi.",3
V11,Cryptography,V11.2,Implementasi Cryptography yang Aman,V11.2.5,"Verifikasi bahwa semua modul kriptografi gagal secara aman (fail securely), dan error ditangani dengan cara yang tidak memungkinkan terjadinya kerentanan, seperti serangan Padding Oracle.",3
V11,Cryptography,V11.3,Algoritma Enkripsi,V11.3.1,"Verifikasi bahwa block mode yang tidak aman (misalnya, ECB) dan skema padding yang lemah (misalnya, PKCS#1 v1.5) tidak digunakan.",1
V11,Cryptography,V11.3,Algoritma Enkripsi,V11.3.2,"Verifikasi bahwa hanya cipher dan mode yang disetujui, seperti AES dengan GCM, yang digunakan.",1
V11,Cryptography,V11.3,Algoritma Enkripsi,V11.3.3,"Verifikasi bahwa data yang terenkripsi dilindungi dari modifikasi yang tidak sah, sebaiknya dengan menggunakan metode authenticated encryption yang disetujui atau dengan mengombinasikan metode enkripsi yang disetujui dengan algoritma MAC yang disetujui.",2
V11,Cryptography,V11.3,Algoritma Enkripsi,V11.3.4,"Verifikasi bahwa nonces, initialization vectors, dan angka sekali pakai (single-use numbers) lainnya tidak digunakan untuk lebih dari satu pasangan kunci enkripsi dan elemen data. Metode pembuatannya harus sesuai untuk algoritma yang digunakan.",3
V11,Cryptography,V11.3,Algoritma Enkripsi,V11.3.5,Verifikasi bahwa kombinasi apa pun antara algoritma enkripsi dan algoritma MAC beroperasi dalam mode encrypt-then-MAC.,3
V11,Cryptography,V11.4,Hashing dan Fungsi Berbasis Hash,V11.4.1,"Verifikasi bahwa hanya fungsi hash yang disetujui yang digunakan untuk kasus penggunaan kriptografi secara umum, termasuk digital signatures, HMAC, KDF, dan random bit generation. Fungsi hash yang tidak diizinkan, seperti MD5, tidak boleh digunakan untuk tujuan kriptografi apa pun.",1
V11,Cryptography,V11.4,Hashing dan Fungsi Berbasis Hash,V11.4.2,"Verifikasi bahwa password disimpan menggunakan sebuah key derivation function yang disetujui dan membutuhkan komputasi intensif (juga dikenal sebagai ""fungsi hashing password""), dengan pengaturan parameter yang dikonfigurasi berdasarkan panduan terkini. Pengaturan tersebut harus menyeimbangkan antara keamanan dan performa agar serangan brute-force cukup sulit dilakukan sesuai tingkat keamanan yang dibutuhkan.",2
V11,Cryptography,V11.4,Hashing dan Fungsi Berbasis Hash,V11.4.3,"Verifikasi bahwa fungsi hash yang digunakan pada digital signatures, sebagai bagian dari autentikasi data atau integritas data, tahan terhadap collision (collision resistant) dan memiliki panjang bit yang sesuai. Jika ketahanan terhadap collision dibutuhkan, panjang output harus minimal 256 bit. Jika hanya ketahanan terhadap serangan second pre-image yang dibutuhkan, panjang output harus minimal 128 bit.",2
V11,Cryptography,V11.4,Hashing dan Fungsi Berbasis Hash,V11.4.4,Verifikasi bahwa aplikasi menggunakan key derivation function yang disetujui dengan parameter key stretching saat menurunkan (deriving) secret key dari password. Parameter yang digunakan harus menyeimbangkan antara keamanan dan performa untuk mencegah serangan brute-force membobol kunci kriptografi yang dihasilkan.,2
V11,Cryptography,V11.5,Nilai Acak (Random Values),V11.5.1,Verifikasi bahwa semua angka dan string acak yang dimaksudkan untuk tidak dapat ditebak (non-guessable) harus dihasilkan menggunakan cryptographically secure pseudo-random number generator (CSPRNG) dan memiliki entropi minimal 128 bit. Perlu dicatat bahwa UUID tidak memenuhi kondisi ini.,2
V11,Cryptography,V11.5,Nilai Acak (Random Values),V11.5.2,"Verifikasi bahwa mekanisme random number generation yang digunakan dirancang untuk bekerja secara aman, bahkan di bawah permintaan yang tinggi (heavy demand).",3
V11,Cryptography,V11.6,Public Key Cryptography,V11.6.1,"Verifikasi bahwa hanya algoritma kriptografi dan mode operasi yang disetujui yang digunakan untuk pembuatan dan seeding kunci, serta pembuatan dan verifikasi digital signature. Algoritma pembuatan kunci tidak boleh menghasilkan kunci yang tidak aman dan rentan terhadap serangan yang telah diketahui, misalnya, kunci RSA yang rentan terhadap Fermat factorization.",2
V11,Cryptography,V11.6,Public Key Cryptography,V11.6.2,Verifikasi bahwa algoritma kriptografi yang disetujui digunakan untuk key exchange (seperti Diffie-Hellman) dengan fokus untuk memastikan bahwa mekanisme key exchange menggunakan parameter yang aman. Hal ini akan mencegah serangan terhadap proses key establishment yang dapat mengakibatkan serangan adversary-in-the-middle atau pembobolan kriptografi.,3
V11,Cryptography,V11.7,Kriptografi Data yang Sedang Digunakan (In-Use),V11.7.1,"Verifikasi bahwa full memory encryption digunakan untuk melindungi data sensitif selagi sedang digunakan, mencegah akses oleh pengguna atau proses yang tidak berwenang.",3
V11,Cryptography,V11.7,Kriptografi Data yang Sedang Digunakan (In-Use),V11.7.2,"Verifikasi bahwa data minimization memastikan hanya jumlah data minimal yang terekspos selama pemrosesan, dan pastikan data dienkripsi segera setelah digunakan atau sesegera mungkin.",3
V12,Secure Communication,V12.1,Panduan Umum Keamanan TLS,V12.1.1,"Verifikasi bahwa hanya versi terbaru protokol TLS yang direkomendasikan yang diaktifkan, seperti TLS 1.2 dan TLS 1.3. Versi terbaru dari protokol TLS harus menjadi opsi yang diutamakan (preferred).",1
V12,Secure Communication,V12.1,Panduan Umum Keamanan TLS,V12.1.2,"Verifikasi bahwa hanya cipher suite yang direkomendasikan yang diaktifkan, dengan cipher suite terkuat diatur sebagai yang diutamakan (preferred). Aplikasi L3 hanya boleh mendukung cipher suite yang menyediakan forward secrecy.",2
V12,Secure Communication,V12.1,Panduan Umum Keamanan TLS,V12.1.3,Verifikasi bahwa aplikasi memvalidasi bahwa sertifikat client mTLS tepercaya sebelum menggunakan identitas sertifikat tersebut untuk authentication atau authorization.,2
V12,Secure Communication,V12.1,Panduan Umum Keamanan TLS,V12.1.4,"Verifikasi bahwa mekanisme pencabutan sertifikat (certificate revocation) yang tepat, seperti Online Certificate Status Protocol (OCSP) Stapling, diaktifkan dan dikonfigurasi.",3
V12,Secure Communication,V12.1,Panduan Umum Keamanan TLS,V12.1.5,"Verifikasi bahwa Encrypted Client Hello (ECH) diaktifkan pada pengaturan TLS aplikasi guna mencegah terekspornya metadata sensitif, seperti Server Name Indication (SNI), selama proses TLS handshake.",3
V12,Secure Communication,V12.2,Komunikasi HTTPS dengan Layanan yang Menghadap Eksternal,V12.2.1,"Verifikasi bahwa TLS digunakan untuk seluruh konektivitas antara client dan layanan berbasis HTTP yang menghadap eksternal, dan tidak berpindah kembali (fall back) ke komunikasi yang tidak aman atau tidak terenkripsi.",1
V12,Secure Communication,V12.2,Komunikasi HTTPS dengan Layanan yang Menghadap Eksternal,V12.2.2,Verifikasi bahwa layanan yang menghadap eksternal menggunakan sertifikat TLS yang tepercaya secara publik.,1
V12,Secure Communication,V12.3,Keamanan Komunikasi Umum Antar Layanan (Service to Service),V12.3.1,"Verifikasi bahwa sebuah protokol terenkripsi seperti TLS digunakan untuk seluruh koneksi masuk (inbound) dan keluar (outbound) menuju dan dari aplikasi, termasuk sistem monitoring, alat manajemen, remote access dan SSH, middleware, database, mainframe, sistem partner, atau API eksternal. Server tidak boleh berpindah kembali (fall back) ke protokol yang tidak aman atau tidak terenkripsi.",2
V12,Secure Communication,V12.3,Keamanan Komunikasi Umum Antar Layanan (Service to Service),V12.3.2,Verifikasi bahwa client TLS memvalidasi sertifikat yang diterima sebelum berkomunikasi dengan server TLS.,2
V12,Secure Communication,V12.3,Keamanan Komunikasi Umum Antar Layanan (Service to Service),V12.3.3,"Verifikasi bahwa TLS atau mekanisme transport encryption lain yang sesuai digunakan untuk seluruh konektivitas antara layanan internal berbasis HTTP dalam aplikasi, dan tidak berpindah kembali (fall back) ke komunikasi yang tidak aman atau tidak terenkripsi.",2
V12,Secure Communication,V12.3,Keamanan Komunikasi Umum Antar Layanan (Service to Service),V12.3.4,"Verifikasi bahwa koneksi TLS antar layanan internal menggunakan sertifikat yang tepercaya. Ketika sertifikat yang dihasilkan secara internal atau self-signed digunakan, layanan yang mengonsumsi (consuming service) harus dikonfigurasi untuk hanya mempercayai CA internal tertentu dan sertifikat self-signed tertentu.",2
V12,Secure Communication,V12.3,Keamanan Komunikasi Umum Antar Layanan (Service to Service),V12.3.5,"Verifikasi bahwa layanan yang berkomunikasi secara internal dalam suatu sistem (intra-service communications) menggunakan strong authentication untuk memastikan bahwa setiap endpoint terverifikasi. Metode strong authentication, seperti TLS client authentication, harus diterapkan untuk memastikan identitas, menggunakan public-key infrastructure dan mekanisme yang tahan terhadap serangan replay. Untuk arsitektur microservice, pertimbangkan penggunaan sebuah service mesh untuk menyederhanakan pengelolaan sertifikat dan meningkatkan keamanan.",3
V13,Configuration,V13.1,Dokumentasi Konfigurasi,V13.1.1,Verifikasi bahwa semua kebutuhan komunikasi untuk aplikasi terdokumentasi. Hal ini harus mencakup layanan eksternal yang diandalkan oleh aplikasi dan kasus-kasus di mana pengguna akhir mungkin dapat memberikan sebuah lokasi eksternal yang kemudian akan dihubungi oleh aplikasi.,2
V13,Configuration,V13.1,Dokumentasi Konfigurasi,V13.1.2,"Verifikasi bahwa untuk setiap layanan yang digunakan aplikasi, dokumentasi mendefinisikan jumlah maksimum koneksi paralel (concurrent) (misalnya, batas connection pool) dan bagaimana perilaku aplikasi ketika batas tersebut tercapai, termasuk mekanisme fallback atau recovery apa pun, guna mencegah kondisi denial of service.",3
V13,Configuration,V13.1,Dokumentasi Konfigurasi,V13.1.3,"Verifikasi bahwa dokumentasi aplikasi mendefinisikan strategi manajemen resource untuk setiap sistem atau layanan eksternal yang digunakannya (misalnya, database, file handles, thread, koneksi HTTP). Hal ini harus mencakup prosedur pelepasan resource (resource-release), pengaturan timeout, penanganan kegagalan, dan jika logika retry diterapkan, penentuan batas retry, delay, dan algoritma back-off. Untuk operasi request-response HTTP yang bersifat sinkron, dokumentasi harus mewajibkan timeout yang singkat dan menonaktifkan retry atau membatasi retry secara ketat guna mencegah keterlambatan yang berantai (cascading delays) dan habisnya resource.",3
V13,Configuration,V13.1,Dokumentasi Konfigurasi,V13.1.4,"Verifikasi bahwa dokumentasi aplikasi mendefinisikan secrets yang krusial bagi keamanan aplikasi serta jadwal rotasinya, berdasarkan model ancaman (threat model) organisasi dan kebutuhan bisnis.",3
V13,Configuration,V13.2,Konfigurasi Komunikasi Backend,V13.2.1,"Verifikasi bahwa komunikasi antar komponen aplikasi backend yang tidak mendukung mekanisme session pengguna standar aplikasi, termasuk API, middleware, dan data layer, telah diautentikasi. Autentikasi harus menggunakan akun layanan (service accounts) individual, token jangka pendek, atau autentikasi berbasis sertifikat, dan bukan kredensial yang tidak berubah seperti password, API key, atau akun bersama (shared accounts) dengan akses istimewa (privileged access).",2
V13,Configuration,V13.2,Konfigurasi Komunikasi Backend,V13.2.2,"Verifikasi bahwa komunikasi antar komponen aplikasi backend, termasuk layanan lokal atau sistem operasi, API, middleware, dan data layer, dilakukan dengan akun yang diberikan hak akses (privilege) minimal yang diperlukan.",2
V13,Configuration,V13.2,Konfigurasi Komunikasi Backend,V13.2.3,"Verifikasi bahwa jika sebuah kredensial harus digunakan untuk autentikasi layanan, kredensial yang digunakan oleh consumer bukan merupakan kredensial default (misalnya, root/root atau admin/admin).",2
V13,Configuration,V13.2,Konfigurasi Komunikasi Backend,V13.2.4,"Verifikasi bahwa sebuah allowlist digunakan untuk mendefinisikan resource atau sistem eksternal yang diizinkan untuk dihubungi oleh aplikasi (misalnya, untuk outbound requests, pemuatan data, atau akses file). Allowlist ini dapat diterapkan pada application layer, web server, firewall, atau kombinasi dari beberapa lapisan yang berbeda.",2
V13,Configuration,V13.2,Konfigurasi Komunikasi Backend,V13.2.5,Verifikasi bahwa web server atau application server dikonfigurasi dengan sebuah allowlist resource atau sistem yang dapat dikirimi request atau tempat pemuatan data atau file oleh server tersebut.,2
V13,Configuration,V13.2,Konfigurasi Komunikasi Backend,V13.2.6,"Verifikasi bahwa ketika aplikasi terhubung ke layanan terpisah, aplikasi tersebut mengikuti konfigurasi terdokumentasi untuk setiap koneksi, seperti jumlah maksimum koneksi paralel, perilaku ketika jumlah maksimum koneksi yang diizinkan tercapai, timeout koneksi, dan strategi retry.",3
V13,Configuration,V13.3,Manajemen Secret,V13.3.1,"Verifikasi bahwa sebuah solusi secrets management, seperti sebuah key vault, digunakan untuk membuat, menyimpan, mengontrol akses ke, dan menghapus secrets backend secara aman. Hal ini dapat mencakup password, key material, integrasi dengan database dan sistem pihak ketiga, key dan seed untuk token berbasis waktu, secrets internal lainnya, dan API key. Secrets tidak boleh disertakan dalam kode sumber aplikasi atau disertakan dalam build artifacts. Untuk aplikasi L3, hal ini harus melibatkan sebuah solusi yang didukung oleh perangkat keras (hardware-backed) seperti HSM.",2
V13,Configuration,V13.3,Manajemen Secret,V13.3.2,Verifikasi bahwa akses terhadap aset secret mematuhi prinsip least privilege.,2
V13,Configuration,V13.3,Manajemen Secret,V13.3.3,Verifikasi bahwa semua operasi kriptografi dilakukan menggunakan sebuah modul keamanan yang terisolasi (seperti sebuah vault atau hardware security module) guna mengelola dan melindungi key material secara aman dari paparan di luar modul keamanan tersebut.,3
V13,Configuration,V13.3,Manajemen Secret,V13.3.4,Verifikasi bahwa secrets dikonfigurasi untuk kedaluwarsa dan dirotasi berdasarkan dokumentasi aplikasi.,3
V13,Configuration,V13.4,Kebocoran Informasi yang Tidak Diinginkan,V13.4.1,"Verifikasi bahwa aplikasi di-deploy tanpa metadata source control apa pun, termasuk folder .git atau .svn, atau dengan cara sedemikian rupa sehingga folder-folder ini tidak dapat diakses baik secara eksternal maupun oleh aplikasi itu sendiri.",1
V13,Configuration,V13.4,Kebocoran Informasi yang Tidak Diinginkan,V13.4.2,Verifikasi bahwa mode debug dinonaktifkan untuk semua komponen pada environment produksi guna mencegah terekspornya fitur debugging dan kebocoran informasi.,2
V13,Configuration,V13.4,Kebocoran Informasi yang Tidak Diinginkan,V13.4.3,Verifikasi bahwa web server tidak mengekspor directory listing kepada client kecuali memang secara eksplisit dimaksudkan demikian.,2
V13,Configuration,V13.4,Kebocoran Informasi yang Tidak Diinginkan,V13.4.4,"Verifikasi bahwa penggunaan metode HTTP TRACE tidak didukung pada environment produksi, guna menghindari potensi kebocoran informasi.",2
V13,Configuration,V13.4,Kebocoran Informasi yang Tidak Diinginkan,V13.4.5,Verifikasi bahwa dokumentasi (seperti untuk API internal) dan endpoint monitoring tidak terekspos kecuali memang secara eksplisit dimaksudkan demikian.,2
V13,Configuration,V13.4,Kebocoran Informasi yang Tidak Diinginkan,V13.4.6,Verifikasi bahwa aplikasi tidak mengekspor informasi versi terperinci dari komponen backend.,3
V13,Configuration,V13.4,Kebocoran Informasi yang Tidak Diinginkan,V13.4.7,"Verifikasi bahwa web tier dikonfigurasi untuk hanya menyajikan file dengan ekstensi file tertentu guna mencegah kebocoran informasi, konfigurasi, dan kode sumber yang tidak disengaja.",3
V14,Data Protection,V14.1,Dokumentasi Perlindungan Data,V14.1.1,"Verifikasi bahwa semua data sensitif yang dibuat dan diproses oleh aplikasi telah diidentifikasi dan diklasifikasikan ke dalam tingkat perlindungan (protection levels). Hal ini mencakup data yang hanya di-encode dan karenanya mudah di-decode, seperti string Base64 atau plaintext payload di dalam sebuah JWT. Tingkat perlindungan perlu mempertimbangkan regulasi dan standar perlindungan data serta privasi yang wajib dipatuhi oleh aplikasi.",2
V14,Data Protection,V14.1,Dokumentasi Perlindungan Data,V14.1.2,"Verifikasi bahwa semua tingkat perlindungan data sensitif memiliki serangkaian persyaratan perlindungan yang terdokumentasi. Hal ini harus mencakup (namun tidak terbatas pada) persyaratan yang terkait dengan enkripsi secara umum, verifikasi integritas, retensi, bagaimana data tersebut dicatat (logged), kontrol akses terhadap data sensitif dalam log, enkripsi pada level database, privasi dan teknologi peningkat privasi (privacy-enhancing technologies) yang akan digunakan, serta persyaratan kerahasiaan lainnya.",2
V14,Data Protection,V14.2,Perlindungan Data Secara Umum,V14.2.1,"Verifikasi bahwa data sensitif hanya dikirimkan ke server melalui HTTP message body atau header fields, dan bahwa URL serta query string tidak mengandung informasi sensitif, seperti sebuah API key atau session token.",1
V14,Data Protection,V14.2,Perlindungan Data Secara Umum,V14.2.2,"Verifikasi bahwa aplikasi mencegah data sensitif di-cache pada komponen server, seperti load balancer dan application cache, atau memastikan bahwa data tersebut dihapus (purged) secara aman setelah digunakan.",2
V14,Data Protection,V14.2,Perlindungan Data Secara Umum,V14.2.3,"Verifikasi bahwa data sensitif yang telah didefinisikan tidak dikirimkan ke pihak yang tidak tepercaya (misalnya, user trackers) guna mencegah pengumpulan data yang tidak diinginkan di luar kendali aplikasi.",2
V14,Data Protection,V14.2,Perlindungan Data Secara Umum,V14.2.4,"Verifikasi bahwa kontrol terhadap data sensitif yang terkait dengan enkripsi, verifikasi integritas, retensi, bagaimana data tersebut dicatat (logged), kontrol akses terhadap data sensitif dalam log, serta privasi dan teknologi peningkat privasi, diterapkan sebagaimana didefinisikan dalam dokumentasi untuk tingkat perlindungan data tertentu.",2
V14,Data Protection,V14.2,Perlindungan Data Secara Umum,V14.2.5,"Verifikasi bahwa mekanisme caching dikonfigurasi untuk hanya menyimpan cache response yang memiliki content type yang sesuai untuk resource tersebut dan tidak mengandung konten dinamis yang sensitif. Web server harus mengembalikan response 404 atau 302 ketika sebuah file yang tidak ada diakses, alih-alih mengembalikan file lain yang valid. Hal ini seharusnya mencegah serangan Web Cache Deception.",3
V14,Data Protection,V14.2,Perlindungan Data Secara Umum,V14.2.6,"Verifikasi bahwa aplikasi hanya mengembalikan data sensitif minimal yang diperlukan untuk fungsionalitas aplikasi. Misalnya, hanya mengembalikan sebagian digit dari sebuah nomor kartu kredit, bukan nomor lengkapnya. Jika data lengkap memang diperlukan, data tersebut harus disamarkan (masked) pada user interface kecuali pengguna secara khusus melihatnya.",3
V14,Data Protection,V14.2,Perlindungan Data Secara Umum,V14.2.7,"Verifikasi bahwa informasi sensitif tunduk pada klasifikasi retensi data, memastikan bahwa data yang sudah usang atau tidak diperlukan dihapus secara otomatis, sesuai jadwal yang telah ditentukan, atau sesuai kebutuhan situasi.",3
V14,Data Protection,V14.2,Perlindungan Data Secara Umum,V14.2.8,"Verifikasi bahwa informasi sensitif dihapus dari metadata file yang dikirimkan oleh pengguna, kecuali penyimpanan telah disetujui (consented) oleh pengguna tersebut.",3
V14,Data Protection,V14.3,Perlindungan Data di Sisi Client,V14.3.1,"Verifikasi bahwa data yang terautentikasi dihapus dari penyimpanan client, seperti browser DOM, setelah client atau sesi dihentikan. HTTP response header field 'Clear-Site-Data' dapat membantu hal ini, namun sisi client juga harus mampu membersihkan data tersebut jika koneksi ke server tidak tersedia saat sesi dihentikan.",1
V14,Data Protection,V14.3,Perlindungan Data di Sisi Client,V14.3.2,"Verifikasi bahwa aplikasi mengatur HTTP response header fields anti-caching yang memadai (yaitu, Cache-Control: no-store) sehingga data sensitif tidak di-cache pada browser.",2
V14,Data Protection,V14.3,Perlindungan Data di Sisi Client,V14.3.3,"Verifikasi bahwa data yang disimpan pada browser storage (seperti localStorage, sessionStorage, IndexedDB, atau cookies) tidak mengandung data sensitif, dengan pengecualian untuk session token.",2
V15,Secure Coding dan Architecture,V15.1,Dokumentasi Secure Coding dan Arsitektur,V15.1.1,"Verifikasi bahwa dokumentasi aplikasi mendefinisikan jangka waktu remediasi berbasis risiko untuk versi komponen pihak ketiga yang memiliki kerentanan dan untuk pembaruan pustaka secara umum, guna meminimalkan risiko dari komponen-komponen tersebut.",1
V15,Secure Coding dan Architecture,V15.1,Dokumentasi Secure Coding dan Arsitektur,V15.1.2,"Verifikasi bahwa sebuah katalog inventaris, seperti software bill of materials (SBOM), dipelihara untuk semua pustaka pihak ketiga yang digunakan, termasuk memverifikasi bahwa komponen-komponen tersebut berasal dari repository yang telah ditentukan sebelumnya, tepercaya, dan terus terpelihara.",2
V15,Secure Coding dan Architecture,V15.1,Dokumentasi Secure Coding dan Arsitektur,V15.1.3,"Verifikasi bahwa dokumentasi aplikasi mengidentifikasi fungsionalitas yang memakan waktu lama atau memerlukan resource besar. Hal ini harus mencakup cara mencegah hilangnya ketersediaan (availability) akibat penggunaan berlebihan terhadap fungsionalitas ini dan cara menghindari situasi di mana pembuatan sebuah response memakan waktu lebih lama daripada timeout consumer. Pertahanan yang mungkin dapat mencakup pemrosesan asinkron, penggunaan queue, dan pembatasan proses paralel per pengguna dan per aplikasi.",2
V15,Secure Coding dan Architecture,V15.1,Dokumentasi Secure Coding dan Arsitektur,V15.1.4,"Verifikasi bahwa dokumentasi aplikasi menyoroti pustaka pihak ketiga yang dianggap sebagai ""risky component"".",3
V15,Secure Coding dan Architecture,V15.1,Dokumentasi Secure Coding dan Arsitektur,V15.1.5,"Verifikasi bahwa dokumentasi aplikasi menyoroti bagian-bagian aplikasi di mana ""dangerous functionality"" digunakan.",3
V15,Secure Coding dan Architecture,V15.2,Arsitektur Keamanan dan Dependensi,V15.2.1,Verifikasi bahwa aplikasi hanya mengandung komponen yang belum melanggar jangka waktu pembaruan dan remediasi yang terdokumentasi.,1
V15,Secure Coding dan Architecture,V15.2,Arsitektur Keamanan dan Dependensi,V15.2.2,"Verifikasi bahwa aplikasi telah menerapkan pertahanan terhadap hilangnya ketersediaan (availability) akibat fungsionalitas yang memakan waktu lama atau memerlukan resource besar, berdasarkan keputusan keamanan dan strategi terdokumentasi untuk hal ini.",2
V15,Secure Coding dan Architecture,V15.2,Arsitektur Keamanan dan Dependensi,V15.2.3,"Verifikasi bahwa environment produksi hanya mencakup fungsionalitas yang diperlukan agar aplikasi dapat berfungsi, dan tidak mengekspor fungsionalitas yang tidak diperlukan seperti kode test, contoh cuplikan kode (sample snippets), dan fungsionalitas development.",2
V15,Secure Coding dan Architecture,V15.2,Arsitektur Keamanan dan Dependensi,V15.2.4,"Verifikasi bahwa komponen pihak ketiga beserta seluruh dependensi transitifnya disertakan dari repository yang diharapkan, baik yang dimiliki secara internal maupun sumber eksternal, dan bahwa tidak ada risiko serangan dependency confusion.",3
V15,Secure Coding dan Architecture,V15.2,Arsitektur Keamanan dan Dependensi,V15.2.5,"Verifikasi bahwa aplikasi menerapkan perlindungan tambahan pada bagian-bagian aplikasi yang terdokumentasi mengandung ""dangerous functionality"" atau menggunakan pustaka pihak ketiga yang dianggap sebagai ""risky component"". Hal ini dapat mencakup teknik seperti sandboxing, encapsulation, containerization, atau network level isolation untuk menghambat dan mencegah penyerang yang telah mengompromikan satu bagian aplikasi agar tidak dapat berpindah (pivoting) ke bagian lain dalam aplikasi.",3
V15,Secure Coding dan Architecture,V15.3,Defensive Coding,V15.3.1,"Verifikasi bahwa aplikasi hanya mengembalikan subset field yang diperlukan dari sebuah objek data. Misalnya, aplikasi tidak boleh mengembalikan seluruh objek data, karena beberapa field individual seharusnya tidak dapat diakses oleh pengguna.",1
V15,Secure Coding dan Architecture,V15.3,Defensive Coding,V15.3.2,"Verifikasi bahwa ketika backend aplikasi melakukan pemanggilan ke URL eksternal, aplikasi tersebut dikonfigurasi untuk tidak mengikuti redirect kecuali hal tersebut memang merupakan fungsionalitas yang dimaksudkan.",2
V15,Secure Coding dan Architecture,V15.3,Defensive Coding,V15.3.3,"Verifikasi bahwa aplikasi memiliki penanggulangan (countermeasures) untuk melindungi dari serangan mass assignment dengan membatasi field yang diizinkan per controller dan action, misalnya, tidak memungkinkan untuk menyisipkan atau memperbarui nilai sebuah field ketika hal tersebut tidak dimaksudkan menjadi bagian dari action tersebut.",2
V15,Secure Coding dan Architecture,V15.3,Defensive Coding,V15.3.4,"Verifikasi bahwa semua komponen proxying dan middleware meneruskan alamat IP asli pengguna secara benar menggunakan field data tepercaya yang tidak dapat dimanipulasi oleh pengguna akhir, dan aplikasi serta web server menggunakan nilai yang benar ini untuk logging dan keputusan keamanan seperti rate limiting, dengan mempertimbangkan bahwa bahkan alamat IP asli mungkin tidak dapat diandalkan akibat IP dinamis, VPN, atau firewall perusahaan.",2
V15,Secure Coding dan Architecture,V15.3,Defensive Coding,V15.3.5,Verifikasi bahwa aplikasi secara eksplisit memastikan bahwa variabel memiliki tipe yang benar dan melakukan operasi strict equality dan comparator. Hal ini untuk menghindari kerentanan type juggling atau type confusion yang disebabkan oleh kode aplikasi yang membuat asumsi mengenai tipe sebuah variabel.,2
V15,Secure Coding dan Architecture,V15.3,Defensive Coding,V15.3.6,"Verifikasi bahwa kode JavaScript ditulis dengan cara yang mencegah prototype pollution, misalnya, dengan menggunakan Set() atau Map() alih-alih object literal.",2
V15,Secure Coding dan Architecture,V15.3,Defensive Coding,V15.3.7,"Verifikasi bahwa aplikasi memiliki pertahanan terhadap serangan HTTP parameter pollution, terutama jika application framework tidak membedakan sumber dari request parameter (query string, body parameters, cookies, atau header fields).",2
V15,Secure Coding dan Architecture,V15.4,Concurrency yang Aman,V15.4.1,"Verifikasi bahwa objek bersama (shared objects) dalam kode multi-threaded (seperti cache, file, atau objek in-memory yang diakses oleh beberapa thread) diakses secara aman dengan menggunakan tipe yang thread-safe dan mekanisme sinkronisasi seperti locks atau semaphores guna menghindari race conditions dan kerusakan data.",3
V15,Secure Coding dan Architecture,V15.4,Concurrency yang Aman,V15.4.2,"Verifikasi bahwa pemeriksaan terhadap state sebuah resource, seperti keberadaannya atau permission-nya, dan tindakan yang bergantung padanya dilakukan sebagai satu operasi atomik guna mencegah race conditions time-of-check to time-of-use (TOCTOU). Misalnya, memeriksa apakah sebuah file ada sebelum membukanya, atau memverifikasi akses pengguna sebelum memberikannya.",3
V15,Secure Coding dan Architecture,V15.4,Concurrency yang Aman,V15.4.3,"Verifikasi bahwa locks digunakan secara konsisten guna menghindari thread yang terjebak (stuck), baik karena saling menunggu satu sama lain maupun melakukan retry tanpa henti, dan bahwa logika locking tetap berada dalam kode yang bertanggung jawab mengelola resource tersebut guna memastikan lock tidak dapat dimodifikasi secara tidak sengaja atau secara jahat oleh class atau kode eksternal.",3
V15,Secure Coding dan Architecture,V15.4,Concurrency yang Aman,V15.4.4,"Verifikasi bahwa kebijakan alokasi resource mencegah thread starvation dengan memastikan akses yang adil terhadap resource, seperti dengan memanfaatkan thread pool, yang memungkinkan thread dengan prioritas lebih rendah untuk tetap berjalan dalam jangka waktu yang wajar.",3
V16,Security Logging dan Error Handling,V16.1,Dokumentasi Security Logging,V16.1.1,"Verifikasi bahwa terdapat inventaris yang mendokumentasikan logging yang dilakukan pada setiap lapisan technology stack aplikasi, event apa saja yang dicatat, format log, lokasi penyimpanan log tersebut, bagaimana log digunakan, bagaimana akses ke log dikontrol, dan berapa lama log disimpan.",2
V16,Security Logging dan Error Handling,V16.2,General Logging,V16.2.1,"Verifikasi bahwa setiap entry log mencakup metadata yang diperlukan (seperti kapan, di mana, siapa, apa) yang memungkinkan investigasi mendalam terhadap garis waktu (timeline) saat terjadi suatu event.",2
V16,Security Logging dan Error Handling,V16.2,General Logging,V16.2.2,"Verifikasi bahwa sumber waktu untuk semua komponen logging tersinkronisasi, dan timestamp pada metadata event keamanan menggunakan UTC atau menyertakan offset zona waktu yang eksplisit. UTC direkomendasikan untuk memastikan konsistensi di seluruh sistem terdistribusi dan mencegah kebingungan selama transisi daylight saving time.",2
V16,Security Logging dan Error Handling,V16.2,General Logging,V16.2.3,Verifikasi bahwa aplikasi hanya menyimpan atau menyiarkan (broadcast) log ke file dan layanan yang terdokumentasi dalam inventaris log.,2
V16,Security Logging dan Error Handling,V16.2,General Logging,V16.2.4,"Verifikasi bahwa log dapat dibaca dan dikorelasikan oleh pemroses log (log processor) yang digunakan, sebaiknya dengan menggunakan format logging umum.",2
V16,Security Logging dan Error Handling,V16.2,General Logging,V16.2.5,"Verifikasi bahwa saat mencatat data sensitif, aplikasi menerapkan logging berdasarkan tingkat perlindungan data tersebut. Sebagai contoh, data tertentu seperti kredensial atau rincian pembayaran mungkin tidak diizinkan untuk dicatat. Data lain seperti token sesi hanya boleh dicatat dengan di-hash atau di-masking, baik secara penuh maupun sebagian.",2
V16,Security Logging dan Error Handling,V16.3,Security Events,V16.3.1,"Verifikasi bahwa semua operasi otentikasi dicatat, termasuk percobaan yang berhasil dan yang gagal. Metadata tambahan, seperti jenis otentikasi atau faktor yang digunakan, juga harus dikumpulkan.",2
V16,Security Logging dan Error Handling,V16.3,Security Events,V16.3.2,"Verifikasi bahwa percobaan otorisasi yang gagal dicatat. Untuk L3, ini harus mencakup pencatatan semua keputusan otorisasi, termasuk mencatat saat data sensitif diakses (tanpa mencatat data sensitif itu sendiri).",2
V16,Security Logging dan Error Handling,V16.3,Security Events,V16.3.3,"Verifikasi bahwa aplikasi mencatat event keamanan yang didefinisikan dalam dokumentasi dan juga mencatat upaya untuk melompati (_bypass_) kontrol keamanan, seperti validasi input, logika bisnis, dan anti-otomatisasi.",2
V16,Security Logging dan Error Handling,V16.3,Security Events,V16.3.4,Verifikasi bahwa aplikasi mencatat error yang tidak terduga dan kegagalan kontrol keamanan seperti kegagalan backend TLS.,2
V16,Security Logging dan Error Handling,V16.4,Log Protection,V16.4.1,Verifikasi bahwa semua komponen logging melakukan encode data dengan tepat untuk mencegah log injection.,2
V16,Security Logging dan Error Handling,V16.4,Log Protection,V16.4.2,Verifikasi bahwa log dilindungi dari akses yang tidak sah dan tidak dapat diubah.,2
V16,Security Logging dan Error Handling,V16.4,Log Protection,V16.4.3,"Verifikasi bahwa log ditransmisikan secara aman ke sistem terpisah secara logis untuk analisis, deteksi, alerting, dan eskalasi. Tujuannya adalah untuk memastikan bahwa jika aplikasi dibobol, log tidak ikut terkompromikan.",2
V16,Security Logging dan Error Handling,V16.5,Error Handling,V16.5.1,"Verifikasi bahwa pesan generik dikembalikan ke pengguna/konsumen saat terjadi error yang tidak terduga atau sensitif terhadap keamanan, memastikan tidak ada paparan data sistem internal yang sensitif seperti stack trace, query, secret key, dan token.",2
V16,Security Logging dan Error Handling,V16.5,Error Handling,V16.5.2,"Verifikasi bahwa aplikasi tetap beroperasi secara aman ketika akses sumber daya eksternal gagal, misalnya dengan menggunakan pola seperti circuit breaker atau pemulihan secara bertahap (_graceful degradation_).",2
V16,Security Logging dan Error Handling,V16.5,Error Handling,V16.5.3,"Verifikasi bahwa aplikasi mengalami kegagalan secara _graceful_ dan aman, termasuk saat terjadi pengecualian (_exception_), mencegah kondisi _fail-open_ seperti memproses transaksi meskipun terjadi error akibat logika validasi.",2
V16,Security Logging dan Error Handling,V16.5,Error Handling,V16.5.4,"Verifikasi bahwa error handler ""last resort"" (upaya terakhir) telah ditentukan untuk menangkap semua pengecualian (_unhandled exceptions_). Ini bertujuan untuk menghindari kehilangan rincian error yang harus masuk ke file log dan memastikan bahwa error tidak menjatuhkan seluruh proses aplikasi, yang mengakibatkan hilangnya ketersediaan (_availability_).",3
V17,WebRTC,V17.1,TURN Server,V17.1.1,"Verifikasi bahwa layanan Traversal Using Relays around NAT (TURN) hanya mengizinkan akses ke alamat IP yang tidak dipesan untuk tujuan khusus (misalnya, jaringan internal, _broadcast_, _loopback_). Perhatikan bahwa ini berlaku untuk alamat IPv4 dan IPv6.",2
V17,WebRTC,V17.1,TURN Server,V17.1.2,Verifikasi bahwa layanan Traversal Using Relays around NAT (TURN) tidak rentan terhadap kehabisan sumber daya (_resource exhaustion_) ketika pengguna yang sah mencoba membuka sejumlah besar _port_ pada server TURN.,3
V17,WebRTC,V17.2,Media,V17.2.1,Verifikasi bahwa kunci untuk sertifikat Datagram Transport Layer Security (DTLS) dikelola dan dilindungi berdasarkan kebijakan terdokumentasi untuk pengelolaan kunci kriptografi.,2
V17,WebRTC,V17.2,Media,V17.2.2,Verifikasi bahwa server media dikonfigurasi untuk menggunakan dan mendukung _cipher suites_ Datagram Transport Layer Security (DTLS) yang disetujui serta _protection profile_ yang aman untuk DTLS Extension dalam menetapkan kunci bagi Secure Real-time Transport Protocol (DTLS-SRTP).,2
V17,WebRTC,V17.2,Media,V17.2.3,Verifikasi bahwa otentikasi Secure Real-time Transport Protocol (SRTP) diperiksa pada server media untuk mencegah serangan injeksi Real-time Transport Protocol (RTP) yang dapat menyebabkan kondisi _Denial of Service_ atau penyisipan media audio atau video ke dalam _stream_ media.,2
V17,WebRTC,V17.2,Media,V17.2.4,Verifikasi bahwa server media mampu melanjutkan pemrosesan lalu lintas media yang masuk ketika menemui paket Secure Real-time Transport Protocol (SRTP) yang cacat (_malformed_).,2
V17,WebRTC,V17.2,Media,V17.2.5,Verifikasi bahwa server media mampu melanjutkan pemrosesan lalu lintas media yang masuk selama terjadinya lonjakan paket (_flood_) Secure Real-time Transport Protocol (SRTP) dari pengguna yang sah.,3
V17,WebRTC,V17.2,Media,V17.2.6,"Verifikasi bahwa server media tidak rentan terhadap kerentanan _Race Condition_ ""ClientHello"" pada Datagram Transport Layer Security (DTLS) dengan memeriksa apakah server media secara publik diketahui rentan atau dengan melakukan pengujian _race condition_.",3
V17,WebRTC,V17.2,Media,V17.2.7,Verifikasi bahwa setiap mekanisme perekaman audio atau video yang terkait dengan server media mampu melanjutkan pemrosesan lalu lintas media yang masuk selama terjadinya lonjakan paket (_flood_) Secure Real-time Transport Protocol (SRTP) dari pengguna yang sah.,3
V17,WebRTC,V17.2,Media,V17.2.8,"Verifikasi bahwa sertifikat Datagram Transport Layer Security (DTLS) diperiksa terhadap atribut _fingerprint_ Session Description Protocol (SDP), dan menghentikan _stream_ media jika pemeriksaan gagal, untuk memastikan keaslian (_authenticity_) dari _stream_ media.",3
V17,WebRTC,V17.3,Signaling,V17.3.1,Verifikasi bahwa server _signaling_ mampu melanjutkan pemrosesan pesan _signaling_ masuk yang sah selama serangan _flood_. Hal ini harus dicapai dengan mengimplementasikan _rate limiting_ pada tingkat _signaling_.,2
V17,WebRTC,V17.3,Signaling,V17.3.2,"Verifikasi bahwa server _signaling_ mampu melanjutkan pemrosesan pesan _signaling_ yang sah ketika menemui pesan _signaling_ yang cacat (_malformed_) yang dapat menyebabkan kondisi _Denial of Service_. Ini dapat mencakup pengimplementasian validasi input, penanganan _integer overflow_ secara aman, pencegahan _buffer overflow_, dan penggunaan teknik penanganan error yang tangguh lainnya.",2

